location,type,distinct_principals,total_cases,principal_breakdown
OL2,part,28,362,Graham Coffey (GGP):113; Swade Soloutions Ltd:65; AMS Solicitors:31; Sky Seventy Ltd:13; Elite Five Ltd:13; Prestige Oldham Ltd:12; Blackline:10; Globe UK One Ltd:9; National One Ltd:9; Arrow Sixty Ltd:8; Silverstone:8; Pebble:8; Whiteline:7; Silverline:7; Clifton NW Ltd:7; Acorn West Ltd:6; Empire NW One Ltd:6; Vogue Plus Ltd:6; Focus UK One Ltd:5; Premier Sixty Ltd:4; Broadway NW Ltd:4; Moorhey Mcr Ltd:3; Express UK One Ltd:3; Alliance &Cooper:1; Sunehra Mahmood:1; Muhammed Adrees:1; Silverline:1; Royton Motor Group:1
OL1,part,27,241,Focus UK One Ltd:35; Express UK One Ltd:31; Vogue Plus Ltd:26; Whiteline:24; Sky Seventy Ltd:19; Graham Coffey (GGP):18; AMS Solicitors:13; Pebble:10; Arrow Sixty Ltd:9; Swade Soloutions Ltd:8; Prestige Oldham Ltd:5; Empire NW One Ltd:5; Globe UK One Ltd:5; Clifton NW Ltd:4; Moorhey Mcr Ltd:4; Elite Five Ltd:4; Silverstone:3; Premier Sixty Ltd:3; Broadway NW Ltd:3; Acorn West Ltd:3; Blackline:2; Fraz Hussain:2; Robert James Solicitors:1; Silverline:1; Silverline:1; Mohsin Hussain:1; Silverline:1
B6,part,12,218,BlackStone:193; Proactive Hybrid Corporate Ltd:7; Samore Traders Ltd:5; Montreal Prestige:3; Robert James Solicitors:3; Muhammed Touray:1; Fairway Solicitors:1; Woodlands:1; QCL (QCL):1; Resolve Solicitors:1; Fort Assist Digbeth Court Business:1; Avisons Solicitors:1
CH46 4TP,full,11,867,DFD (Richard or Joshua) Also Car Claims:333; Havard Law Solicitors:320; Matrix Solicitors Station Approach Pasture:114; Williams & Co:30; Burdward Solicitors:23; Hattons Solicitors Prudential Buildings:22; TDP Solicitors:13; SMC Ltd:7; Phoenix Legal Ltd:2; Savas & Savage:2; RJ Gill Solicitors Allied Business:1
M12,part,11,839,QCL (QCL):814; LEX Solicitors:16; Fairway Solicitors:1; Hackney Solutions:1; Taylor Price:1; Alliance &Cooper:1; Mrs Najma Ahmed:1; Shazad Waseem:1; Roco Clothing Ltd:1; Sakaf Tracks Ltd:1; Mahmood Hassan:1
B70,part,11,221,Graham Coffey (GGP):185; Avisons Solicitors:16; Knightsbridge (KBS):4; Absolute Law Solicitors Unity House:4; Resolve Solicitors:3; BlackStone:2; Resolve Solicitors:2; .:2; Robert James Solicitors:1; Jacob Miller Solicitors Unity House:1; ASL Boston Solicitors:1
LU4,part,11,114,Robert James Solicitors:88; Swan:13; Claim Specialists:3; Alliance &Cooper:2; Motor Class Hire:2; Motor X Assistance Ltd:1; Accident Specialists (Direct jobs):1; Rees Clayton Solicitors The Enterprise:1; QCL (QCL):1; R1am:1; DFD (Richard or Joshua) Also Car Claims:1
B12,part,10,181,Robert James Solicitors:95; Fort Assist Digbeth Court Business:68; Avisons Solicitors:11; BlackStone:1; Alliance &Cooper:1; Knightsbridge (KBS):1; Greenbank Lawyers Suite:1; Fairway Solicitors:1; Marsdens Solicitors:1; Aman Solicitors Advocates:1
B9,part,10,95,Knightsbridge (KBS):70; Aman Solicitors Advocates:8; Fairway Solicitors:6; Fort Assist Digbeth Court Business:4; Robert James Solicitors:2; Parkers Solicitors:1; Woodlands:1; Everlast Motors Ltd:1; BlackStone:1; R1am:1
LU3,part,10,84,Robert James Solicitors:38; Collision Haus:16; R1am:12; Swan:9; Motor Class Hire:3; Motorcade Collision Assist Suite:2; Claim Specialists:1; Stallion:1; Graham Coffey (GGP):1; Fort Assist Digbeth Court Business:1
B10,part,9,78,Knightsbridge (KBS):37; Fairway Solicitors:20; Robert James Solicitors:7; BlackStone:5; Aman Solicitors Advocates:3; Resolve Solicitors:2; Fort Assist Digbeth Court Business:2; Zenith Lawyers:1; Avisons Solicitors:1
LU2,part,9,16,Robert James Solicitors:7; Swan:2; Motor X Assistance Ltd:1; Stallion:1; AMS Solicitors:1; Graham Coffey (GGP):1; Masons Law LLP:1; R1am:1; Motor Class Hire:1
B33,part,9,13,Fort Assist Digbeth Court Business:3; Robert James Solicitors:3; AMS Solicitors:1; BlackStone:1; Knightsbridge (KBS):1; Marsdens Solicitors:1; Mrs Kubra Suhail:1; Fairway Solicitors:1; Aman Solicitors Advocates:1
LU1,part,8,379,Robert James Solicitors:285; Swan:46; R1am:18; Motor Class Hire:16; Claim Specialists:6; Motor X Assistance Ltd:5; Motorcade Collision Assist Suite:2; BlackStone:1
BL3,part,8,202,Montreal Prestige:195; Alliance &Cooper:1; Fairway Solicitors:1; QCL (QCL):1; Umar Chadat:1; Graham Coffey (GGP):1; Crystal Claims Management:1; ASL Boston Solicitors:1
M19,part,8,117,MBH Solicitors:65; DFD (Richard or Joshua) Also Car Claims:24; Graham Coffey (GGP):19; QCL (QCL):5; Apexx Ltd:1; Knightsbridge (KBS):1; Montreal Prestige:1; Parkers Solicitors:1
LE2,part,8,12,Graham Coffey (GGP):5; Montreal Prestige:1; Fairway Solicitors:1; BlackStone:1; Fort Assist Digbeth Court Business:1; Robert James Solicitors:1; Aman Solicitors Advocates:1; Hadid Law Solicitors:1
IG11,part,8,8,Swan:1; Motor X Assistance Ltd:1; Matt Rowland Solicitors:1; Montreal Prestige:1; BlackStone:1; Monaco Motor Group Limited Unit:1; Fort Assist Digbeth Court Business:1; Regent Law Ltd:1
OL1 3QR,full,7,25,Focus UK One Ltd:6; Whiteline:5; Sky Seventy Ltd:4; Express UK One Ltd:3; Vogue Plus Ltd:3; AMS Solicitors:3; Graham Coffey (GGP):1
B25,part,7,19,BlackStone:11; Knightsbridge (KBS):3; Zenith Lawyers:1; Fort Assist Digbeth Court Business:1; Fairway Solicitors:1; Robert James Solicitors:1; Avisons Solicitors:1
B11,part,7,18,Fort Assist Digbeth Court Business:5; Robert James Solicitors:5; Fairway Solicitors:3; BlackStone:2; Woodlands:1; Mahmed Umar:1; Aman Solicitors Advocates:1
B8,part,7,16,BlackStone:4; Fort Assist Digbeth Court Business:3; Robert James Solicitors:3; Aman Solicitors Advocates:3; Swan:1; Alliance &Cooper:1; Marsdens Solicitors:1
BD3,part,7,10,BlackStone:3; Graham Coffey (GGP):2; Abrahams Solicitors:1; Matrix Solicitors Station Approach Pasture:1; Alison Law:1; Zenith Lawyers:1; Avisons Solicitors:1
UB6,part,7,8,Saci Gabour:2; Graham Coffey (GGP):1; Ainuddin Khalil:1; Flat:1; Elsir Ahmed Tagelsir:1; Qorane Mohamed ELMI:1; Ariana Autos:1
B5,part,6,389,Fairway Solicitors:355; BlackStone:26; Parkers Solicitors:4; Six Ways Marketing Ltd:2; Parkers Solicitors Ltd:1; Robert James Solicitors:1
CH46,part,6,110,DFD (Richard or Joshua) Also Car Claims:104; Matrix Solicitors Station Approach Pasture:2; Paul Tuffs:1; Michael Kirkham:1; Savas & Savage:1; Wirral Car Solutions Unit:1
DE23,part,6,108,HTU Assessors Ltd:101; YM Law/ NETWORK HD UK:3; Knightsbridge (KBS):1; Baker Coleman:1; Montreal Prestige:1; Graham Coffey (GGP):1
BL9,part,6,50,Graham Coffey (GGP):37; Montreal Prestige:7; Ten Legal:2; Swan:2; Alliance &Cooper:1; Nadia Khan:1
G20,part,6,24,Oakwoods Solicitors:17; Glasgow Best Vehicle Repair Ltd:3; AX:1; Joseph Keogh:1; Waqas Aslam:1; Khurram Shahzad:1
B19,part,6,19,Fairway Solicitors:5; Robert James Solicitors:4; Aman Solicitors Advocates:4; BlackStone:3; Fort Assist Digbeth Court Business:2; Taylor Price:1
OL8,part,6,9,Alliance &Cooper:3; Graham Coffey (GGP):2; Collision Haus:1; AMS Solicitors:1; Montreal Prestige:1; Affinity Seven Law Solicitors:1
E3,part,6,8,Taylor Price:2; Motor Class Hire:2; Motor X Assistance Ltd:1; Regent Law Ltd:1; R1am:1; Avisons Solicitors:1
B14,part,6,8,Robert James Solicitors:2; BlackStone:2; Fairway Solicitors:1; Woodlands:1; Fort Assist Digbeth Court Business:1; Aman Solicitors Advocates:1
B26,part,6,7,BlackStone:2; Alliance &Cooper:1; Fort Assist Digbeth Court Business:1; Fairway Solicitors:1; Robert James Solicitors:1; Avisons Solicitors:1
LE3,part,6,6,Fairway Solicitors:1; Montreal Prestige:1; BlackStone:1; Motor Class Hire:1; Graham Coffey (GGP):1; Turnams:1
DY4,part,6,6,AMS Solicitors:1; Swan:1; Woodlands:1; Hannah Gold Solicitors:1; Knightsbridge (KBS):1; Avisons Solicitors:1
CH65,part,5,504,Savas & Savage:495; Fountain Rentals Ltd:4; YM Law/ NETWORK HD UK:3; FAO The Court:1; Ellesmere Port Auto Care:1
RH10,part,5,321,Robert James Solicitors:234; Accident Specialists (Direct jobs):78; Swan:7; Shamssa Ali:1; Mohamed Raache:1
CH41,part,5,237,DFD (Richard or Joshua) Also Car Claims:231; Savas & Savage:2; Wirral Car Solutions Unit:2; Fe Griffiths:1; Wirral Car Solutions ltd:1
LE5,part,5,20,BlackStone:11; Graham Coffey (GGP):5; Montreal Prestige:2; AMS Solicitors:1; Avisons Solicitors:1
HD1,part,5,17,Baker Coleman:13; Alison Law:1; Montreal Prestige:1; Robert James Solicitors:1; T&K Motors HD Ltd:1
M8,part,5,16,Montreal Prestige:8; Alliance &Cooper:4; Arshed & Co Solicitors:2; Swan:1; Graham Coffey (GGP):1
CH44,part,5,13,DFD (Richard or Joshua) Also Car Claims:5; Havard Law Solicitors:4; The Bodyshop:2; Assisted Auto Repairs Wheatland Lane:1; FAO: Nathan Platt:1
B18,part,5,13,ROZZII/Green Destinations:9; Fairway Solicitors:1; Aman Solicitors Advocates:1; Robert James Solicitors:1; Avisons Solicitors:1
NW9,part,5,12,Graham Coffey (GGP):8; Zain Khayat:1; Fort Assist Digbeth Court Business:1; Montreal Prestige:1; Car Hire UK Ltd:1
E1,part,5,11,Motor X Assistance Ltd:4; Regent Law Ltd:2; Taylor Price:2; Castle:2; Montreal Prestige:1
LU5,part,5,10,Robert James Solicitors:5; DFD (Richard or Joshua) Also Car Claims:2; Swan:1; Motor X Assistance Ltd:1; QCL (QCL):1
B42,part,5,10,Robert James Solicitors:4; Woodlands:2; Avisons Solicitors:2; R1am:1; Taylor Price:1
PR1,part,5,10,Montreal Prestige:5; Knightsbridge (KBS):2; Robert James Solicitors:1; BlackStone:1; Graham Coffey (GGP):1
IG1,part,5,6,Robert James Solicitors:2; Swan:1; Fairway Solicitors:1; Easthams Solicitors Ltd:1; FAO The Court C/o:1
LE1,part,5,6,BlackStone:2; Fairway Solicitors:1; Montreal Prestige:1; Aman Solicitors Advocates:1; Graham Coffey (GGP):1
EN3,part,5,5,AMS Solicitors:1; Montreal Prestige:1; Saad Radhi:1; Fairway Solicitors:1; Robert James Solicitors:1
OL9,part,5,5,Alliance &Cooper:1; AMS Solicitors:1; Montreal Prestige:1; Avisons Solicitors:1; Graham Coffey (GGP):1
B66,part,5,5,BlackStone:1; Woodlands:1; Knightsbridge (KBS):1; Fort Assist Digbeth Court Business:1; Resolve Solicitors:1
RH10 9NT,full,4,143,Robert James Solicitors:102; Accident Specialists (Direct jobs):39; Muahmmad Akram:1; Graham Coffey (GGP):1
B12 0LD,full,4,142,Robert James Solicitors:89; Fort Assist Digbeth Court Business:42; Avisons Solicitors:10; Marsdens Solicitors:1
B5 6JX,full,4,135,Fairway Solicitors:132; Six Ways Marketing Ltd:1; BlackStone:1; Parkers Solicitors:1
RH11,part,4,31,Robert James Solicitors:25; Accident Specialists (Direct jobs):4; Claim Specialists:1; Swan:1
OL2 6HW,full,4,21,Graham Coffey (GGP):17; Swade Soloutions Ltd:2; Prestige Oldham Ltd:1; Empire NW One Ltd:1
B70 8NS,full,4,19,Graham Coffey (GGP):16; .:1; Jacob Miller Solicitors Unity House:1; Absolute Law Solicitors Unity House:1
OL1 3LA,full,4,18,AMS Solicitors:12; Swade Soloutions Ltd:4; Focus UK One Ltd:1; Graham Coffey (GGP):1
BL1,part,4,14,Graham Coffey (GGP):8; Montreal Prestige:4; Knightsbridge (KBS):1; Ilyas Vali:1
RH10 6AE,full,4,13,Accident Specialists (Direct jobs):10; Robert James Solicitors:1; Shoyab Kiyani:1; Ihlas Marzook:1
IG3,part,4,12,Montreal Prestige:9; Motor X Assistance Ltd:1; BlackStone:1; Robert James Solicitors:1
OL4,part,4,11,Graham Coffey (GGP):7; AMS Solicitors:2; Affinity Seven Law Solicitors:1; Alliance &Cooper:1
LE4,part,4,11,BlackStone:5; Graham Coffey (GGP):4; AMS Solicitors:1; Fairway Solicitors:1
CH43,part,4,11,DFD (Richard or Joshua) Also Car Claims:6; Havard Law Solicitors:2; Matrix Solicitors Station Approach Pasture:2; Savas & Savage:1
BB9,part,4,10,QCL (QCL):7; Rees Clayton Solicitors The Enterprise:1; Ten Legal:1; Saira Iqbal:1
B20,part,4,9,Avisons Solicitors:4; Fort Assist Digbeth Court Business:2; Graham Coffey (GGP):2; Robert James Solicitors:1
B21,part,4,8,Avisons Solicitors:3; Fairway Solicitors:2; Fort Assist Digbeth Court Business:2; BlackStone:1
E6,part,4,8,Robert James Solicitors:3; Graham Coffey (GGP):2; Castle:2; Avisons Solicitors:1
B23,part,4,7,Robert James Solicitors:3; Fort Assist Digbeth Court Business:2; AMS Solicitors:1; BlackStone:1
B90,part,4,7,Fort Assist Digbeth Court Business:3; Aman Solicitors Advocates:2; Woodlands:1; Marsdens Solicitors:1
B36,part,4,6,Robert James Solicitors:3; BlackStone:1; Graham Coffey (GGP):1; Aman Solicitors Advocates:1
CH44 7ER,full,4,6,Havard Law Solicitors:3; The Bodyshop:1; Wirral Car Solutions ltd:1; Wirral Car Solutions Unit:1
M35,part,4,6,Montreal Prestige:3; YM Law/ NETWORK HD UK:1; Alliance &Cooper:1; QCL (QCL):1
B69,part,4,6,Woodlands:2; Baker Coleman:2; Graham Coffey (GGP):1; Avisons Solicitors:1
B10 0XA,full,4,6,BlackStone:2; Fairway Solicitors:2; Resolve Solicitors:1; Easthams Solicitors Ltd:1
BD7,part,4,5,Alison Law:2; Abrahams Solicitors:1; Montreal Prestige:1; Avisons Solicitors:1
BD5,part,4,5,HSI Solutions Ltd Carbottom Road:2; Kennedy Hunter Solicitors:1; BlackStone:1; Alison Law:1
OL12,part,4,5,Ali's Autocentre Limited:2; Alliance &Cooper:1; BlackStone:1; Swade Soloutions Ltd:1
M21,part,4,5,BlackStone:2; KMR:1; Graham Coffey (GGP):1; Savas & Savage:1
WS10,part,4,5,Avisons Solicitors:2; HTU Assessors Ltd:1; Robert James Solicitors:1; Graham Coffey (GGP):1
WS2,part,4,5,Woodlands:2; BlackStone:1; Fort Assist Digbeth Court Business:1; Robert James Solicitors:1
E7,part,4,5,Robert James Solicitors:2; Taylor Price:1; Montreal Prestige:1; Sakthivel Karuppiah:1
NW2,part,4,5,Robert James Solicitors:2; Ilyas Laabouri:1; Fort Assist Digbeth Court Business:1; Montreal Prestige:1
WS2 9SL,full,4,5,Graham Coffey (GGP):2; BlackStone:1; Knightsbridge (KBS):1; Knights Bridge Solicitors:1
B28,part,4,5,Robert James Solicitors:2; Knightsbridge (KBS):1; Marsdens Solicitors:1; Avisons Solicitors:1
SW19,part,4,4,Wayz Limited Office:1; Fairway Solicitors:1; BlackStone:1; Robert James Solicitors:1
N17,part,4,4,AMS Solicitors:1; Taylor Price:1; Alison Law:1; Robert James Solicitors:1
SL1,part,4,4,Accident Specialists (Direct jobs):1; Fairway Solicitors:1; Robert James Solicitors:1; ASL Boston Solicitors:1
WV4,part,4,4,Dawid Urbanik:1; BlackStone:1; Knightsbridge (KBS):1; Robert James Solicitors:1
OL11,part,4,4,Savas & Savage:1; Fairway Solicitors:1; Serwari Ahmed:1; Graham Coffey (GGP):1
E7 0NP,full,3,153,Crystal Claims Management:72; Pabla+Pabla Solicitors The Old Town:64; Din Solicitors:17
M12 5FX,full,3,112,QCL (QCL):97; LEX Solicitors:13; Zen Law Solicitors Virginia House:2
CH5,part,3,65,YM Law/ NETWORK HD UK:51; Savas & Savage:13; Robert James Solicitors:1
G41,part,3,57,Trident Lloyd:55; Baker Hardman:1; Oakwoods Solicitors:1
ML5,part,3,52,Oakwoods Solicitors:48; Kerr Brown Partnership:2; First Accident Assistance Blue Square:2
G5,part,3,47,Oakwoods Solicitors:44; Undent it Ltd:2; Shan Naheem:1
LU1 3JX,full,3,44,R1am:21; Motor Class Hire:18; Motor X Assistance Ltd:5
G73,part,3,20,Oakwoods Solicitors:17; Atlas Bodyshop Unit C:2; Baker Hardman:1
CH1 4NT,full,3,19,Savas & Savage:11; CSCC LTD Hartford Way Sealand:6; YM Law/ NETWORK HD UK:2
KY8,part,3,19,Oakwoods Solicitors:17; Auto Logistic Solutions Ltd:1; AX:1
B70 8EG,full,3,17,Graham Coffey (GGP):15; Hadid Law Solicitors:1; Jacob Miller Solicitors Unity House:1
KY1,part,3,16,Oakwoods Solicitors:13; Kerr Brown Partnership:2; Auto Logistic Solutions Ltd:1
ML3,part,3,16,Oakwoods Solicitors:12; Hamilton Auto Services:3; United Legal Assistance:1
G5 8NB,full,3,16,Oakwoods Solicitors:14; AX:1; Undent it Ltd:1
WD18,part,3,16,DFD (Richard or Joshua) Also Car Claims:13; Robert James Solicitors:2; Graham Coffey (GGP):1
BD8,part,3,10,Abrahams Solicitors:6; Alison Law:3; Walker Prestons Mount Pleasant Trinity:1
M6,part,3,10,KMR:6; Parkhouse Assist Ltd Brulimar House:2; Alliance &Cooper:2
ST6,part,3,9,QCL (QCL):7; Fort Assist Digbeth Court Business:1; Savas & Savage:1
M19 3QA,full,3,9,MBH Solicitors:7; DFD (Richard or Joshua) Also Car Claims:1; Graham Coffey (GGP):1
CH62,part,3,8,DFD (Richard or Joshua) Also Car Claims:4; Savas & Savage:3; Havard Law Solicitors:1
WV2,part,3,7,Woodlands:4; Baker Coleman:2; Marsdens Solicitors:1
RG10,part,3,7,Baker Hardman:4; LPS Solicitors:2; Kudos Legal Solicitors Lytham Road:1
NW10,part,3,6,Montreal Prestige:4; MBH Solicitors:1; Aman Solicitors Advocates:1
G40,part,3,6,Oakwoods Solicitors:4; Guardian Accident Claims:1; Areeb Amjad:1
BD6,part,3,6,Graham Coffey (GGP):3; AMS Solicitors:2; Raza Azhar Mahmood:1
B25 8HF,full,3,6,BlackStone:3; Zenith Lawyers:2; Avisons Solicitors:1
L24,part,3,5,DFD (Richard or Joshua) Also Car Claims:3; YM Law/ NETWORK HD UK:1; Robert James Solicitors:1
E14,part,3,5,Robert James Solicitors:3; Taylor Price:1; Zen Law Solicitors Virginia House:1
WS1,part,3,5,Robert James Solicitors:3; Graham Coffey (GGP):1; Avisons Solicitors:1
HA1,part,3,5,Accident Specialists (Direct jobs):2; Robert James Solicitors:2; Blueline Taxis:1
GU12,part,3,5,Graham Coffey (GGP):2; Robert James Solicitors:2; AMS Solicitors:1
WA8,part,3,5,Savas & Savage:3; Williams & Co:1; Capa Law Solicitors:1
ML5 4RP,full,3,5,QDOS:3; Kerr Brown Partnership:1; AX:1
SL2,part,3,5,Robert James Solicitors:3; Graham Coffey (GGP):1; QDOS:1
B13,part,3,5,Fort Assist Digbeth Court Business:2; Robert James Solicitors:2; Avisons Solicitors:1
CH49,part,3,4,DFD (Richard or Joshua) Also Car Claims:2; Clive Patterson:1; Havard Law Solicitors:1
M24,part,3,4,Alliance &Cooper:2; Savas & Savage:1; Taylor Price:1
B43,part,3,4,Woodlands:2; Aman Solicitors Advocates:1; Avisons Solicitors:1
WS3,part,3,4,Graham Coffey (GGP):2; Woodlands:1; Avisons Solicitors:1
BL4,part,3,4,Graham Coffey (GGP):2; Montreal Prestige:1; YM Law/ NETWORK HD UK:1
BB1,part,3,4,Montreal Prestige:2; Baker Coleman:1; Dawood Vaid:1
M15,part,3,4,Alliance &Cooper:2; Montreal Prestige:1; Resolve Solicitors:1
LE18,part,3,4,Graham Coffey (GGP):2; Montreal Prestige:1; BlackStone:1
SK1,part,3,4,Alliance &Cooper:2; Taylor Price:1; MBH Solicitors:1
PA15 4TW,full,3,4,Oakwoods Solicitors:2; Kerr Brown Partnership:1; QDOS:1
SM4,part,3,4,Graham Coffey (GGP):2; R1am:1; Robert James Solicitors:1
CH45,part,3,4,DFD (Richard or Joshua) Also Car Claims:2; Havard Law Solicitors:1; Burdward Solicitors:1
B44,part,3,4,Avisons Solicitors:2; Woodlands:1; Fort Assist Digbeth Court Business:1
M40,part,3,4,Montreal Prestige:2; QCL (QCL):1; Alliance &Cooper:1
B7,part,3,4,Aman Solicitors Advocates:2; Fairway Solicitors:1; Fort Assist Digbeth Court Business:1
WA4,part,3,4,Savas & Savage:2; QCL (QCL):1; Express UK One Ltd:1
B34,part,3,4,Knightsbridge (KBS):2; Fort Assist Digbeth Court Business:1; Avisons Solicitors:1
L13,part,3,4,Savas & Savage:2; DFD (Richard or Joshua) Also Car Claims:1; Robert James Solicitors:1
WR4,part,3,3,Robert James Solicitors:1; Claim Specialists:1; HTU Assessors Ltd:1
HX1,part,3,3,YM Law/ NETWORK HD UK:1; Robert James Solicitors:1; Graham Coffey (GGP):1
LL13,part,3,3,YM Law/ NETWORK HD UK:1; DFD (Richard or Joshua) Also Car Claims:1; Savas & Savage:1
E17,part,3,3,Montreal Prestige:1; Robert James Solicitors:1; FAO The Court C/o:1
LU4 8BY,full,3,3,Robert James Solicitors:1; Claim Specialists:1; Accident Specialists (Direct jobs):1
UB4,part,3,3,Swan:1; Graham Coffey (GGP):1; Mussie Selsion Welbeck Ave Hayes:1
BD9,part,3,3,BlackStone:1; Alison Law:1; Robert James Solicitors:1
M14,part,3,3,QCL (QCL):1; Arshed & Co Solicitors:1; MBH Solicitors:1
L7,part,3,3,YM Law/ NETWORK HD UK:1; Arshed & Co Solicitors:1; Savas & Savage:1
B71,part,3,3,Woodlands:1; Zenith Lawyers:1; Northone Solicitors Roopyal Chambers:1
WF13,part,3,3,Montreal Prestige:1; Baker Coleman:1; Alison Law:1
RM8,part,3,3,Motor X Assistance Ltd:1; Robert James Solicitors:1; Graham Coffey (GGP):1
RM6,part,3,3,Montreal Prestige:1; Motor Class Hire:1; Graham Coffey (GGP):1
SK4,part,3,3,Alliance &Cooper:1; Fairway Solicitors:1; MBH Solicitors:1
B68,part,3,3,Robert James Solicitors:1; BlackStone:1; Knightsbridge (KBS):1
WA9,part,3,3,Williams & Co:1; DFD (Richard or Joshua) Also Car Claims:1; Critchley Taxis:1
DY5,part,3,3,Woodlands:1; Knightsbridge (KBS):1; Fort Assist Digbeth Court Business:1
WA7,part,3,3,Countrywide:1; Robert James Solicitors:1; Havard Law Solicitors:1
L9,part,3,3,Countrywide:1; Burdward Solicitors:1; Havard Law Solicitors:1
RM10,part,3,3,Montreal Prestige:1; Graham Coffey (GGP):1; Taylor Price:1
SW6,part,3,3,Fairway Solicitors:1; Accident Specialists (Direct jobs):1; Robert James Solicitors:1
WV14,part,3,3,Montreal Prestige:1; Robert James Solicitors:1; Avisons Solicitors:1
E2,part,3,3,Fairway Solicitors:1; Amin Cherrak:1; Castle:1
B38,part,3,3,Fort Assist Digbeth Court Business:1; Knightsbridge (KBS):1; Robert James Solicitors:1
CH43 3DU,full,3,3,DFD (Richard or Joshua) Also Car Claims:1; Savas & Savage:1; Havard Law Solicitors:1
WV1,part,3,3,BGL Law Solicitors Suite:1; Graham Coffey (GGP):1; Knightsbridge (KBS):1
B66 2QP,full,3,3,Parkers Solicitors Ltd:1; Knightsbridge (KBS):1; M Baghaei Ravari:1
CH5 1SU,full,3,3,Fountain Rentals Ltd:1; Savas & Savage:1; DEE:1
M1,part,2,79,KMR:57; Montreal Prestige:22
EN1,part,2,77,Fairway Solicitors:76; QCL (QCL):1
LU1 1DQ,full,2,67,Robert James Solicitors:57; Swan:10
M12 4AH,full,2,65,QCL (QCL):64; LEX Solicitors:1
ST3,part,2,62,Knightsbridge (KBS):61; Global Taxis Stoke Ltd:1
SW16,part,2,51,Montreal Prestige:49; Robert James Solicitors:2
CH41 3NT,full,2,30,DFD (Richard or Joshua) Also Car Claims:29; Matrix Solicitors Station Approach Pasture:1
CH66,part,2,30,Savas & Savage:29; Havard Law Solicitors:1
G41 1AA,full,2,28,Trident Lloyd:27; DFD (Richard or Joshua) Also Car Claims:1
CW1,part,2,23,Savas & Savage:22; KMR:1
MK45 4RP,full,2,22,Robert James Solicitors:21; The Car Hire Specialists ltd:1
PA15,part,2,21,Oakwoods Solicitors:16; Kerr Brown Partnership:5
CM24,part,2,21,Montreal Prestige:17; KMR:4
ML6,part,2,20,Oakwoods Solicitors:16; Kerr Brown Partnership:4
CH1,part,2,19,Savas & Savage:14; YM Law/ NETWORK HD UK:5
ME7 4HB,full,2,19,FAO The Court C/o:15; Graham Coffey (GGP):4
IG1 1BA,full,2,18,Graham Coffey (GGP):16; FAO The Court C/o:2
TN38,part,2,17,Robert James Solicitors:11; Accident Specialists (Direct jobs):6
LU3 1AZ,full,2,17,R1am:14; Motor Class Hire:3
G32,part,2,16,Oakwoods Solicitors:12; Kerr Brown Partnership:4
CH5 1SF,full,2,15,YM Law/ NETWORK HD UK:12; Savas & Savage:3
RH6,part,2,15,Robert James Solicitors:13; Accident Specialists (Direct jobs):2
KA8,part,2,14,Kerr Brown Partnership:8; Oakwoods Solicitors:6
G42,part,2,14,Oakwoods Solicitors:13; AX:1
M19 2EX,full,2,13,DFD (Richard or Joshua) Also Car Claims:12; MBH Solicitors:1
G67,part,2,13,Oakwoods Solicitors:12; Auto Logistic Solutions Ltd:1
CH4,part,2,13,Savas & Savage:10; YM Law/ NETWORK HD UK:3
BL9 7ES,full,2,13,Graham Coffey (GGP):12; Montreal Prestige:1
B70 8NL,full,2,12,Graham Coffey (GGP):11; Avisons Solicitors:1
EH47,part,2,11,Oakwoods Solicitors:10; AX:1
M1 3HW,full,2,11,KMR:10; Montreal Prestige:1
WS10 9RG,full,2,11,Knightsbridge (KBS):9; Parkers Solicitors Ltd:2
BB10,part,2,10,QCL (QCL):9; Montreal Prestige:1
B70 9BY,full,2,10,Graham Coffey (GGP):9; Absolute Law Solicitors Unity House:1
LU4 8BX,full,2,9,Robert James Solicitors:7; Accident Specialists (Direct jobs):2
TN38 9AZ,full,2,9,Accident Specialists (Direct jobs):5; Robert James Solicitors:4
G68,part,2,9,Oakwoods Solicitors:8; Kerr Brown Partnership:1
G31,part,2,9,Oakwoods Solicitors:8; Auto Logistic Solutions Ltd:1
KT14,part,2,9,DFD (Richard or Joshua) Also Car Claims:8; Car Repair Centre CRC Ltd:1
ML1,part,2,8,Oakwoods Solicitors:7; Modern Housing:1
KT14 6EW,full,2,8,DFD (Richard or Joshua) Also Car Claims:7; Car Repair Centre CRC Ltd:1
RH6 9TF,full,2,8,Robert James Solicitors:6; Accident Specialists (Direct jobs):2
G67 3EN,full,2,7,Oakwoods Solicitors:6; Auto Logistic Solutions Ltd:1
G78,part,2,7,Oakwoods Solicitors:6; Baker Hardman:1
BB11,part,2,7,Ten Legal:6; QCL (QCL):1
N18,part,2,7,Montreal Prestige:4; Alison Law:3
E13,part,2,6,Parkers Solicitors:5; DFD (Richard or Joshua) Also Car Claims:1
L20,part,2,6,DFD (Richard or Joshua) Also Car Claims:5; Arshed & Co Solicitors:1
EH48,part,2,6,Oakwoods Solicitors:5; Auto Logistic Solutions Ltd:1
NG2,part,2,6,HTU Assessors Ltd:5; Robert James Solicitors:1
WN2,part,2,6,YM Law/ NETWORK HD UK:5; Montreal Prestige:1
KA8 9DJ,full,2,6,Oakwoods Solicitors:5; QDOS:1
B10 0UF,full,2,6,Fairway Solicitors:5; Easthams Solicitors Ltd:1
WV2 4QT,full,2,5,Baker Coleman:3; Woodlands:2
CH4 8RW,full,2,5,Savas & Savage:3; YM Law/ NETWORK HD UK:2
M50 1RF,full,2,5,Pabla+Pabla Solicitors The Old Town:3; Crystal Claims Management:2
EH21,part,2,4,Kerr Brown Partnership:2; Oakwoods Solicitors:2
N9,part,2,4,Montreal Prestige:2; Fairway Solicitors:2
M25,part,2,4,KMR:3; Woodlands Solicitors Devonshire Street North:1
PA14 5EF,full,2,4,QDOS:3; Kerr Brown Partnership:1
NG8,part,2,4,HTU Assessors Ltd:3; QCL (QCL):1
PH1 3DZ,full,2,4,Oakwoods Solicitors:3; AX:1
SW9,part,2,4,Montreal Prestige:3; Robert James Solicitors:1
CH3,part,2,4,Savas & Savage:3; YM Law/ NETWORK HD UK:1
BB10 2TN,full,2,4,Ten Legal:3; Mohammed Aftab Arif:1
HD4,part,2,4,Baker Coleman:3; Jabran Shahid:1
SL0,part,2,4,Fort Assist Digbeth Court Business:3; Robert James Solicitors:1
BL2,part,2,4,Graham Coffey (GGP):3; Savas & Savage:1
BL8,part,2,4,Graham Coffey (GGP):3; The Car Way:1
ML6 8RJ,full,2,3,Oakwoods Solicitors:2; Kerr Brown Partnership:1
B10 0NR,full,2,3,Fairway Solicitors:2; Easthams Solicitors Ltd:1
ML9,part,2,3,Oakwoods Solicitors:2; Auto Logistic Solutions Ltd:1
DN4,part,2,3,Montreal Prestige:2; Rees Clayton Solicitors The Enterprise:1
CH42,part,2,3,Savas & Savage:2; Wirral Car Solutions ltd:1
SE15,part,2,3,Robert James Solicitors:2; Montreal Prestige:1
KA1,part,2,3,Kerr Brown Partnership:2; Oakwoods Solicitors:1
M28,part,2,3,Alliance &Cooper:2; Graham Coffey (GGP):1
CH63,part,2,3,DFD (Richard or Joshua) Also Car Claims:2; Savas & Savage:1
CR4,part,2,3,Montreal Prestige:2; Robert James Solicitors:1
M90,part,2,3,KMR:2; Montreal Prestige:1
BN7,part,2,3,East Sussex County Council Fleet:2; Robert James Solicitors:1
HR4 9LW,full,2,3,Blueline Taxis:2; Accident Specialists (Direct jobs):1
PA1 2QH,full,2,3,Oakwoods Solicitors:2; Guardian Accident Claims:1
L19,part,2,3,Robert James Solicitors:2; Matrix Solicitors Station Approach Pasture:1
RH16,part,2,3,Robert James Solicitors:2; Graham Coffey (GGP):1
B24,part,2,3,Fort Assist Digbeth Court Business:2; Robert James Solicitors:1
BN11,part,2,3,Accident Specialists (Direct jobs):2; Robert James Solicitors:1
SL0 9HF,full,2,3,Robert James Solicitors:2; Mr Ahmad Hanifi:1
KA18 2BH,full,2,3,QDOS:2; Montreal Prestige:1
BL9 5BP,full,2,3,Graham Coffey (GGP):2; Montreal Prestige:1
CW9 6GB,full,2,3,Savas & Savage:2; Graham Coffey (GGP):1
M13,part,2,2,Baker Coleman:1; KMR:1
KA18,part,2,2,Kerr Brown Partnership:1; Oakwoods Solicitors:1
B42 1LG,full,2,2,Robert James Solicitors:1; Swan:1
SA1,part,2,2,Baker Coleman:1; Robert James Solicitors:1
OL6,part,2,2,Baker Coleman:1; Savas & Savage:1
LU4 9GD,full,2,2,Swan:1; Motor Class Hire:1
LU4 8LU,full,2,2,Robert James Solicitors:1; DFD (Richard or Joshua) Also Car Claims:1
E4 9HL,full,2,2,DFD (Richard or Joshua) Also Car Claims:1; Mahu Abdulrab:1
IG6,part,2,2,Montreal Prestige:1; Motor X Assistance Ltd:1
BD1,part,2,2,Abrahams Solicitors:1; FAO The Court:1
E16,part,2,2,Motor X Assistance Ltd:1; QCL (QCL):1
MK10,part,2,2,Claim Specialists:1; Robert James Solicitors:1
ML5 2BX,full,2,2,Kerr Brown Partnership:1; QDOS:1
KT2,part,2,2,Fairway Solicitors:1; Graham Coffey (GGP):1
DE24,part,2,2,FAO The Court:1; HTU Assessors Ltd:1
MK6,part,2,2,Swan:1; Pabla+Pabla Solicitors The Old Town:1
G74,part,2,2,Oakwoods Solicitors:1; Auto Logistic Solutions Ltd:1
CH6,part,2,2,YM Law/ NETWORK HD UK:1; Savas & Savage:1
FK2,part,2,2,Oakwoods Solicitors:1; Kerr Brown Partnership:1
E12,part,2,2,Stallion:1; Graham Coffey (GGP):1
WR11,part,2,2,AMS Solicitors:1; Fort Assist Digbeth Court Business:1
NG7,part,2,2,HTU Assessors Ltd:1; Baker Coleman:1
M5,part,2,2,BlackStone:1; Montreal Prestige:1
ST1,part,2,2,Knightsbridge (KBS):1; QCL (QCL):1
LS8,part,2,2,BlackStone:1; QCL (QCL):1
BN1,part,2,2,Accident Specialists (Direct jobs):1; Robert James Solicitors:1
B31,part,2,2,BlackStone:1; Fort Assist Digbeth Court Business:1
BN10,part,2,2,Robert James Solicitors:1; Accident Specialists (Direct jobs):1
ME17,part,2,2,Montreal Prestige:1; Robert James Solicitors:1
G32 8RG,full,2,2,Kerr Brown Partnership:1; QDOS:1
RM7,part,2,2,Robert James Solicitors:1; DFD (Richard or Joshua) Also Car Claims:1
WF11,part,2,2,AMS Solicitors:1; Graham Coffey (GGP):1
L33,part,2,2,QCL (QCL):1; Graham Coffey (GGP):1
B67,part,2,2,Woodlands:1; Fort Assist Digbeth Court Business:1
UB1,part,2,2,Fairway Solicitors:1; Abdiaziz Hamud Osman:1
BB2,part,2,2,Robert James Solicitors:1; BlackStone:1
SM3,part,2,2,Fairway Solicitors:1; Robert James Solicitors:1
RH12,part,2,2,Accident Specialists (Direct jobs):1; Robert James Solicitors:1
SE8,part,2,2,Montreal Prestige:1; Graham Coffey (GGP):1
TW14,part,2,2,Swan:1; Graham Coffey (GGP):1
LU7,part,2,2,Swan:1; Robert James Solicitors:1
BS16 2PU,full,2,2,Oakwoods Solicitors:1; Avisons Solicitors:1
CH45 8LW,full,2,2,DFD (Richard or Joshua) Also Car Claims:1; Burdward Solicitors:1
CV3 2HU,full,2,2,MBH Solicitors:1; Graham Coffey (GGP):1
SE23,part,2,2,Robert James Solicitors:1; Taylor Price:1
HP2,part,2,2,Robert James Solicitors:1; Graham Coffey (GGP):1
LS13,part,2,2,Abrahams Solicitors:1; Graham Coffey (GGP):1
BD2,part,2,2,Graham Coffey (GGP):1; BlackStone:1
B91,part,2,2,Woodlands:1; Robert James Solicitors:1
SM6,part,2,2,Swan:1; Robert James Solicitors:1
HP12,part,2,2,Accident Specialists (Direct jobs):1; Alliance &Cooper:1
B15,part,2,2,Fairway Solicitors:1; ROZZII/Green Destinations:1
SE1,part,2,2,Fairway Solicitors:1; Avisons Solicitors:1
E10,part,2,2,Graham Coffey (GGP):1; Robert James Solicitors:1
M8 0PY,full,2,2,Alliance &Cooper:1; AML Solicitors The Halfway House:1
MK41,part,2,2,QCL (QCL):1; Robert James Solicitors:1
L12,part,2,2,Robert James Solicitors:1; Savas & Savage:1
B29,part,2,2,Robert James Solicitors:1; Knightsbridge (KBS):1
CH42 1NY,full,2,2,DFD (Richard or Joshua) Also Car Claims:1; Havard Law Solicitors:1
WD24,part,2,2,DFD (Richard or Joshua) Also Car Claims:1; Robert James Solicitors:1
OL7,part,2,2,Arshed & Co Solicitors:1; Graham Coffey (GGP):1
RG10 9UR,full,2,2,LPS Solicitors:1; Kudos Legal Solicitors Lytham Road:1
BL6,part,2,2,Graham Coffey (GGP):1; Montreal Prestige:1
KT4,part,2,2,Graham Coffey (GGP):1; Robert James Solicitors:1
B70 0EZ,full,2,2,Knightsbridge (KBS):1; Robert James Solicitors:1
B19 1JJ,full,2,2,Resolve Solicitors:1; Robert James Solicitors:1
B98,part,2,2,R1am:1; Graham Coffey (GGP):1
BS4,part,2,2,Aman Solicitors Advocates:1; Robert James Solicitors:1
SE10,part,2,2,Fairway Solicitors:1; Robert James Solicitors:1
M45,part,2,2,Alliance &Cooper:1; Savas & Savage:1
B23 6EU,full,2,2,Avisons Solicitors:1; Graham Coffey (GGP):1
SW11,part,2,2,Robert James Solicitors:1; Montreal Prestige:1
NN3,part,2,2,Robert James Solicitors:1; Savas & Savage:1
CH64,part,2,2,Havard Law Solicitors:1; Savas & Savage:1
L4,part,2,2,Robert James Solicitors:1; Savas & Savage:1
B1,part,2,2,Fort Assist Digbeth Court Business:1; Aman Solicitors Advocates:1
NW4,part,2,2,Graham Coffey (GGP):1; Alliance & Cooper Solicitors:1
RH19,part,2,2,Robert James Solicitors:1; Accident Specialists (Direct jobs):1
B6 6AT,full,2,2,Fort Assist Digbeth Court Business:1; Robert James Solicitors:1
B9 5XT,full,2,2,Fort Assist Digbeth Court Business:1; Robert James Solicitors:1
B75,part,2,2,Fort Assist Digbeth Court Business:1; Robert James Solicitors:1
B45,part,2,2,R1am:1; Robert James Solicitors:1
SE6,part,2,2,Robert James Solicitors:1; Montreal Prestige:1
OX26 4LD,full,2,2,Avisons Solicitors:1; Robert James Solicitors:1
B16,part,2,2,Avisons Solicitors:1; Robert James Solicitors:1
M17 1JT,full,2,2,Graham Coffey (GGP):1; QDOS:1
B19 1LA,full,2,2,Avisons Solicitors:1; Robert James Solicitors:1
FK7 7PX,full,2,2,AX:1; Oakwoods Solicitors:1
ML3 0DW,full,2,2,AX:1; Oakwoods Solicitors:1
B10 9PT,full,2,2,Aman Solicitors Advocates:1; Easthams Solicitors Ltd:1
B20 2DS,full,2,2,Hadid Law Solicitors:1; Graham Coffey (GGP):1
B32,part,2,2,Robert James Solicitors:1; Avisons Solicitors:1
DY1,part,2,2,Avisons Solicitors:1; Graham Coffey (GGP):1
WA1,part,2,2,Savas & Savage:1; Graham Coffey (GGP):1
E17 6RA,full,2,2,Mohammed Sahall:1; Robert James Solicitors:1
RM20,part,2,2,Robert James Solicitors:1; Turnams:1
B66 2BY,full,2,2,Knightsbridge (KBS):1; Graham Coffey (GGP):1
CH42 2BX,full,2,2,Havard Law Solicitors:1; DFD (Richard or Joshua) Also Car Claims:1
B70 7QY,full,2,2,Knightsbridge (KBS):1; Graham Coffey (GGP):1
WS10 7DQ,full,2,2,Graham Coffey (GGP):1; Knightsbridge (KBS):1
CH1 6PE,full,2,2,HG Vess Ltd:1; Savas & Savage:1
WS2 9NU,full,2,2,Mellor Solicitors Post Office Building:1; Graham Coffey (GGP):1
B21 0RL,full,2,2,Graham Coffey (GGP):1; ASL Boston Solicitors:1
CH46 9PY,full,2,2,DFD (Richard or Joshua) Also Car Claims:1; Matrix Solicitors Station Approach Pasture:1
CH3 5NL,full,2,2,Burdward Solicitors:1; Savas & Savage:1
DY4 7NY,full,2,2,Absolute Law Solicitors Unity House:1; Graham Coffey (GGP):1
CH42 7JW,full,2,2,Havard Law Solicitors:1; Burdward Solicitors:1
B42 2JA,full,2,2,Andrzej Was:1; Graham Coffey (GGP):1
