App Name,Client ID,HTTP Status Code,API Request Duration (ms),API Request ID,Resource,Sub Resource,HTTP Method,API Request Timestamp
"collisionspike","rpkwbz0ue3gefi4j1fk3zsrw4ue808a1","200","97","095642db17558faf95196410d237f47bf","folders","","GET","2026-07-03 14:23:09 UTC"
"collisionspike","rpkwbz0ue3gefi4j1fk3zsrw4ue808a1","200","97","016b25df5a28c5944c5924510e3c4731b","folders","","GET","2026-07-03 14:23:29 UTC"
"collisionspike","rpkwbz0ue3gefi4j1fk3zsrw4ue808a1","200","99","1a36994e38a74c55d74bd9ce90ed3b660","folders","","GET","2026-07-03 13:58:44 UTC"
"collisionspike","rpkwbz0ue3gefi4j1fk3zsrw4ue808a1","200","100","06ae21d8f25515a285d43adc15fd8dbff","folders","","GET","2026-07-03 19:13:34 UTC"
"collisionspike","rpkwbz0ue3gefi4j1fk3zsrw4ue808a1","200","101","0f076702de41becaf0a0a5132a2c1c583","folders","","GET","2026-07-03 13:30:48 UTC"
"collisionspike","rpkwbz0ue3gefi4j1fk3zsrw4ue808a1","200","104","03e4acd85e4c3bd2490a841eced25b061","folders","","GET","2026-07-03 14:47:25 UTC"
"collisionspike","rpkwbz0ue3gefi4j1fk3zsrw4ue808a1","200","104","0f9c5636241104975af4a28b0e1082771","folders","","GET","2026-07-03 14:30:58 UTC"
"collisionspike","rpkwbz0ue3gefi4j1fk3zsrw4ue808a1","200","104","19850dd799f0c09ffe9a85c17c3c484d3","folders","","GET","2026-07-03 14:30:49 UTC"
"collisionspike","rpkwbz0ue3gefi4j1fk3zsrw4ue808a1","200","107","0191a927569dbbfe82699dedba9f684c4","folders","","GET","2026-07-03 14:21:32 UTC"
"collisionspike","rpkwbz0ue3gefi4j1fk3zsrw4ue808a1","200","108","0c273126b28919b6d1551db96f9db3ef7","folders","","GET","2026-07-03 10:52:03 UTC"
"collisionspike","rpkwbz0ue3gefi4j1fk3zsrw4ue808a1","200","109","1b3ccdbd0f5676a3a3886788fa46672f7","folders","","GET","2026-07-03 13:30:28 UTC"
"collisionspike","rpkwbz0ue3gefi4j1fk3zsrw4ue808a1","200","110","0392b0f2f66b304c614bab053165cba7","folders","","GET","2026-07-03 14:21:42 UTC"
"collisionspike","rpkwbz0ue3gefi4j1fk3zsrw4ue808a1","200","110","035cc26917b4d69a02c630f72d080239d","folders","","GET","2026-07-03 08:10:55 UTC"
"collisionspike","rpkwbz0ue3gefi4j1fk3zsrw4ue808a1","200","111","0765fa378b91a75b08bedf62d0b988e37","folders","","GET","2026-07-03 13:36:08 UTC"
"collisionspike","rpkwbz0ue3gefi4j1fk3zsrw4ue808a1","200","112","0d00b251ba4cedeab847abc7083057e41","folders","","GET","2026-07-03 14:23:52 UTC"
"collisionspike","rpkwbz0ue3gefi4j1fk3zsrw4ue808a1","200","117","084f5db0c25e907903afbf5be71d962c","folders","","GET","2026-07-03 16:35:10 UTC"
"collisionspike","rpkwbz0ue3gefi4j1fk3zsrw4ue808a1","200","117","040e503e8e63692a2919b6f6f448d28fd","folders","","GET","2026-07-03 14:04:44 UTC"
"collisionspike","rpkwbz0ue3gefi4j1fk3zsrw4ue808a1","200","118","0b1093a6988cc59c34acd80a389f0ef94","folders","","GET","2026-07-03 16:37:35 UTC"
"collisionspike","rpkwbz0ue3gefi4j1fk3zsrw4ue808a1","200","120","08de2b0a87c3c0575d68f64d4bb5cdeb9","folders","","GET","2026-07-03 14:15:43 UTC"
"collisionspike","rpkwbz0ue3gefi4j1fk3zsrw4ue808a1","200","120","043464afa8e5e74a2c214f221e1f7d688","folders","","GET","2026-07-03 08:55:48 UTC"
"collisionspike","rpkwbz0ue3gefi4j1fk3zsrw4ue808a1","200","120","097ea33d2bb83cc0af720fdbe235971a1","folders","","GET","2026-07-03 08:55:48 UTC"
"collisionspike","rpkwbz0ue3gefi4j1fk3zsrw4ue808a1","200","122","0acfb0a5c462c1fbd41f34fe07e41cbbc","folders","","GET","2026-07-03 08:50:40 UTC"
"collisionspike","rpkwbz0ue3gefi4j1fk3zsrw4ue808a1","200","124","089225ee9bd62606ac96732be46aee1f7","folders","","GET","2026-07-03 08:50:45 UTC"
"collisionspike","rpkwbz0ue3gefi4j1fk3zsrw4ue808a1","200","126","146b69e04dcad2165fc94cddddcaa4b33","folders","","GET","2026-07-03 13:20:48 UTC"
"collisionspike","rpkwbz0ue3gefi4j1fk3zsrw4ue808a1","200","129","0429f1f29a8372b0a805bc8adbb2fb82c","folders","","GET","2026-07-03 13:53:56 UTC"
"collisionspike","rpkwbz0ue3gefi4j1fk3zsrw4ue808a1","200","130","0a598b7adae243b9651ff1ac114ec58a5","folders","","GET","2026-07-03 08:50:38 UTC"
"collisionspike","rpkwbz0ue3gefi4j1fk3zsrw4ue808a1","200","130","0fffd7b854983351ec53971b3d6a07d56","folders","","GET","2026-07-03 13:16:15 UTC"
"collisionspike","rpkwbz0ue3gefi4j1fk3zsrw4ue808a1","200","134","0536870234257a460ceaafff96d62dabc","folders","","GET","2026-07-03 08:15:32 UTC"
"collisionspike","rpkwbz0ue3gefi4j1fk3zsrw4ue808a1","200","135","0477c017be9f284d80e41bcd24fe1687b","folders","","GET","2026-07-03 06:25:45 UTC"
"collisionspike","rpkwbz0ue3gefi4j1fk3zsrw4ue808a1","200","136","0fcdd4b34f4a08999d61ef18bedf8eafe","folders","","GET","2026-07-03 08:51:23 UTC"
"collisionspike","rpkwbz0ue3gefi4j1fk3zsrw4ue808a1","200","138","0daee7e8275bbda36c0430989f8881c7b","folders","","GET","2026-07-03 14:01:07 UTC"
"collisionspike","rpkwbz0ue3gefi4j1fk3zsrw4ue808a1","200","138","092f9f3f1710c5e47de2ff6248e66945f","folders","","GET","2026-07-03 09:33:29 UTC"
"collisionspike","rpkwbz0ue3gefi4j1fk3zsrw4ue808a1","200","139","0ba94bef3d88557ccdd5b64dda16d5480","folders","","GET","2026-07-03 12:46:04 UTC"
"collisionspike","rpkwbz0ue3gefi4j1fk3zsrw4ue808a1","200","144","03edf0e75f22600f709e0d4246ee38255","folders","","GET","2026-07-03 16:30:51 UTC"
"collisionspike","rpkwbz0ue3gefi4j1fk3zsrw4ue808a1","200","145","0af75111f3f20ab6412d4d15ead1a0ce1","folders","","GET","2026-07-03 09:29:03 UTC"
"collisionspike","rpkwbz0ue3gefi4j1fk3zsrw4ue808a1","200","149","1f8c8b73dea6bb45322fbffc127036d44","folders","","GET","2026-07-03 12:48:01 UTC"
"collisionspike","rpkwbz0ue3gefi4j1fk3zsrw4ue808a1","200","151","05ce77546ba622e915affc114fed16b0d","folders","","GET","2026-07-03 08:30:47 UTC"
"collisionspike","rpkwbz0ue3gefi4j1fk3zsrw4ue808a1","200","158","0690e594242ea0fd2c9373922fdf7814a","folders","","GET","2026-07-03 07:01:10 UTC"
"collisionspike","rpkwbz0ue3gefi4j1fk3zsrw4ue808a1","200","171","0fd60664927c0506f81cf9866468b7a19","folders","","GET","2026-07-03 07:01:09 UTC"
"collisionspike","rpkwbz0ue3gefi4j1fk3zsrw4ue808a1","200","174","0bb56e504e8538f19189163a147a3850e","folders","","GET","2026-07-03 14:14:27 UTC"
"collisionspike","rpkwbz0ue3gefi4j1fk3zsrw4ue808a1","200","179","03980c367e5e3dd9baa925d49914f7299","folders","","GET","2026-07-03 08:08:38 UTC"
"collisionspike","rpkwbz0ue3gefi4j1fk3zsrw4ue808a1","201","290","08ac3c374d7d2faaebbccecfdd081aab9","folders","","POST","2026-07-03 14:23:08 UTC"
"collisionspike","rpkwbz0ue3gefi4j1fk3zsrw4ue808a1","201","344","0148c13ce48e574bbf334886fbeb72c39","folders","","POST","2026-07-03 14:30:48 UTC"
"collisionspike","rpkwbz0ue3gefi4j1fk3zsrw4ue808a1","201","369","036f18ff1573c4a3b7f466ace768b8684","folders","","POST","2026-07-03 08:10:53 UTC"
"collisionspike","rpkwbz0ue3gefi4j1fk3zsrw4ue808a1","201","381","0a41c7d42aa4574471eac2508092990f8","folders","","POST","2026-07-03 09:29:01 UTC"
"collisionspike","rpkwbz0ue3gefi4j1fk3zsrw4ue808a1","201","385","02e052e48e318ab188d2bca471f77efdb","folders","","POST","2026-07-03 16:37:33 UTC"
"collisionspike","rpkwbz0ue3gefi4j1fk3zsrw4ue808a1","201","397","0b4b76ade502804fd5d935484f2c0e587","folders","","POST","2026-07-03 14:30:53 UTC"
"collisionspike","rpkwbz0ue3gefi4j1fk3zsrw4ue808a1","201","409","0950752f1d305bcd74c7e2a631b85c6fb","folders","","POST","2026-07-03 08:08:36 UTC"
"collisionspike","rpkwbz0ue3gefi4j1fk3zsrw4ue808a1","201","413","027a8066c2c69bb10dace99fc03b650ec","folders","","POST","2026-07-03 19:13:32 UTC"
"collisionspike","rpkwbz0ue3gefi4j1fk3zsrw4ue808a1","201","415","05017a79bd0a9b11c5fd574f723c9683e","folders","","POST","2026-07-03 08:30:45 UTC"
"collisionspike","rpkwbz0ue3gefi4j1fk3zsrw4ue808a1","201","431","02cd9cc438d0369c7388a924791177f77","folders","","POST","2026-07-03 14:47:24 UTC"
"collisionspike","rpkwbz0ue3gefi4j1fk3zsrw4ue808a1","201","431","0c12f351365d47b52c3d0c9eba8976dc1","folders","","POST","2026-07-03 16:35:08 UTC"
"collisionspike","rpkwbz0ue3gefi4j1fk3zsrw4ue808a1","201","436","0decf8a79d0c27eb0b877ad7579f5b848","folders","","POST","2026-07-03 14:04:43 UTC"
"collisionspike","rpkwbz0ue3gefi4j1fk3zsrw4ue808a1","201","448","011b284e3743ecf8c1ab956dac87e3cd8","folders","","POST","2026-07-03 13:58:37 UTC"
"collisionspike","rpkwbz0ue3gefi4j1fk3zsrw4ue808a1","201","455","0bdb01a2efec8e6830b9109a6d5d638ff","folders","","POST","2026-07-03 06:25:43 UTC"
"collisionspike","rpkwbz0ue3gefi4j1fk3zsrw4ue808a1","201","461","09755def80795765081c9f664a8c9508d","folders","","POST","2026-07-03 16:30:49 UTC"
"collisionspike","rpkwbz0ue3gefi4j1fk3zsrw4ue808a1","201","461","0adca2b22b2ab3c144c2caa9d7cc206a1","folders","","POST","2026-07-03 08:51:21 UTC"
"collisionspike","rpkwbz0ue3gefi4j1fk3zsrw4ue808a1","201","464","179c82a829909936f5e09604385aa42e4","folders","","POST","2026-07-03 13:30:46 UTC"
"collisionspike","rpkwbz0ue3gefi4j1fk3zsrw4ue808a1","201","473","07facb6b3d218f1f4309e7f8bfa1b5b67","folders","","POST","2026-07-03 08:50:34 UTC"
"collisionspike","rpkwbz0ue3gefi4j1fk3zsrw4ue808a1","201","475","078aaf05989bb70d7b8a237d18ef6599","folders","","POST","2026-07-03 14:21:30 UTC"
"collisionspike","rpkwbz0ue3gefi4j1fk3zsrw4ue808a1","201","477","0700e2ce6136c7992e7ae623fe25ae4fc","folders","","POST","2026-07-03 10:52:01 UTC"
"collisionspike","rpkwbz0ue3gefi4j1fk3zsrw4ue808a1","201","511","0193e2f1c2c1fa979b420dfbf85be7fbd","folders","","POST","2026-07-03 13:20:47 UTC"
"collisionspike","rpkwbz0ue3gefi4j1fk3zsrw4ue808a1","201","515","0c1a28de12c8dde65b074c6a1192a367f","folders","","POST","2026-07-03 14:21:36 UTC"
"collisionspike","rpkwbz0ue3gefi4j1fk3zsrw4ue808a1","201","527","0ad038f18522eb47d1705642bb9d383d","folders","","POST","2026-07-03 08:50:36 UTC"
"collisionspike","rpkwbz0ue3gefi4j1fk3zsrw4ue808a1","201","528","0e76816f209643c676130c1fe6b577fa8","folders","","POST","2026-07-03 14:01:05 UTC"
"collisionspike","rpkwbz0ue3gefi4j1fk3zsrw4ue808a1","201","558","0c3e25e79c709281e037f39d1194f548e","folders","","POST","2026-07-03 13:36:07 UTC"
"collisionspike","rpkwbz0ue3gefi4j1fk3zsrw4ue808a1","201","877","073fc2912eabee28ac3b96041a640f79","upload","","POST","2026-07-03 14:30:50 UTC"
"collisionspike","rpkwbz0ue3gefi4j1fk3zsrw4ue808a1","201","882","f155ccffdcd742603a90a587f2ba9b3e","upload","","POST","2026-07-03 14:05:44 UTC"
"collisionspike","rpkwbz0ue3gefi4j1fk3zsrw4ue808a1","201","884","bff24855505cc177d5c80308be8adeda","upload","","POST","2026-07-03 13:30:28 UTC"
"collisionspike","rpkwbz0ue3gefi4j1fk3zsrw4ue808a1","201","885","120844ae339cac7cfaace52bf53e7281","upload","","POST","2026-07-03 16:38:04 UTC"
"collisionspike","rpkwbz0ue3gefi4j1fk3zsrw4ue808a1","201","889","5b90c03369860f9fd5a8879b022bfb78","upload","","POST","2026-07-03 14:31:04 UTC"
"collisionspike","rpkwbz0ue3gefi4j1fk3zsrw4ue808a1","201","890","6379ca49cb2abb4f1146fd6dc39e6dd8","upload","","POST","2026-07-03 16:37:37 UTC"
"collisionspike","rpkwbz0ue3gefi4j1fk3zsrw4ue808a1","201","906","5ff878390a178a3c31ae51f5f8c96ab2","upload","","POST","2026-07-03 13:30:33 UTC"
"collisionspike","rpkwbz0ue3gefi4j1fk3zsrw4ue808a1","201","908","d735a11e6428ec4312198437981979aa","upload","","POST","2026-07-03 10:52:05 UTC"
"collisionspike","rpkwbz0ue3gefi4j1fk3zsrw4ue808a1","201","913","804d792faf3d08193833aacefc15d27d","upload","","POST","2026-07-03 16:30:52 UTC"
"collisionspike","rpkwbz0ue3gefi4j1fk3zsrw4ue808a1","201","914","60b78f7dc1aa6feb1221879206b9c73c","upload","","POST","2026-07-03 14:31:00 UTC"
"collisionspike","rpkwbz0ue3gefi4j1fk3zsrw4ue808a1","201","915","9b1467a2ae7a2a1623b892e7425e5249","upload","","POST","2026-07-03 16:35:12 UTC"
"collisionspike","rpkwbz0ue3gefi4j1fk3zsrw4ue808a1","201","916","20350f440803e3529877392f2ee09dae","upload","","POST","2026-07-03 13:59:02 UTC"
"collisionspike","rpkwbz0ue3gefi4j1fk3zsrw4ue808a1","201","917","6247cb2fde785e56ff1e9a9a5e7ebc81","upload","","POST","2026-07-03 13:20:53 UTC"
"collisionspike","rpkwbz0ue3gefi4j1fk3zsrw4ue808a1","201","917","b58d0eb35b02bba551222108d2008720","upload","","POST","2026-07-03 16:38:12 UTC"
"collisionspike","rpkwbz0ue3gefi4j1fk3zsrw4ue808a1","201","919","17185415d9e31c7b23fdc450f0e743d8","upload","","POST","2026-07-03 13:58:48 UTC"
"collisionspike","rpkwbz0ue3gefi4j1fk3zsrw4ue808a1","201","923","448f99a01b70186544023a625316a158","upload","","POST","2026-07-03 14:30:54 UTC"
"collisionspike","rpkwbz0ue3gefi4j1fk3zsrw4ue808a1","201","926","339bfb01e094af5fefe75bc863ffd863","upload","","POST","2026-07-03 13:58:46 UTC"
"collisionspike","rpkwbz0ue3gefi4j1fk3zsrw4ue808a1","201","927","e1eaee7909eb7704581fa54cb1b82fb3","upload","","POST","2026-07-03 08:50:42 UTC"
"collisionspike","rpkwbz0ue3gefi4j1fk3zsrw4ue808a1","201","928","4218f859227342c7876e8bc36224259c","upload","","POST","2026-07-03 08:55:51 UTC"
"collisionspike","rpkwbz0ue3gefi4j1fk3zsrw4ue808a1","201","931","e39ea88b35847efcc8396e49fa383566","upload","","POST","2026-07-03 13:53:58 UTC"
"collisionspike","rpkwbz0ue3gefi4j1fk3zsrw4ue808a1","201","939","a5180d097aea3c3aaea36e7ef98b4759","upload","","POST","2026-07-03 16:35:24 UTC"
"collisionspike","rpkwbz0ue3gefi4j1fk3zsrw4ue808a1","201","945","a04d0e30046068de48e7a28192a6ad89","upload","","POST","2026-07-03 08:08:49 UTC"
"collisionspike","rpkwbz0ue3gefi4j1fk3zsrw4ue808a1","201","947","e0a50ccbb7bed5ac372fd8ba2e9346d4","upload","","POST","2026-07-03 08:30:49 UTC"
"collisionspike","rpkwbz0ue3gefi4j1fk3zsrw4ue808a1","201","947","8fa68de60429f63124d73252b2cc2f69","upload","","POST","2026-07-03 14:01:11 UTC"
"collisionspike","rpkwbz0ue3gefi4j1fk3zsrw4ue808a1","201","947","6d266e306cbb7bba387692185a812c37","upload","","POST","2026-07-03 14:23:31 UTC"
"collisionspike","rpkwbz0ue3gefi4j1fk3zsrw4ue808a1","201","949","09967a1feaeb47ceddcf5c57ae13409b","upload","","POST","2026-07-03 16:38:09 UTC"
"collisionspike","rpkwbz0ue3gefi4j1fk3zsrw4ue808a1","201","951","22b1552380dc7b995599296bdb6ca2b3","upload","","POST","2026-07-03 08:55:49 UTC"
"collisionspike","rpkwbz0ue3gefi4j1fk3zsrw4ue808a1","201","953","8d989988556af2806a4dbb2d50d44108","upload","","POST","2026-07-03 13:20:50 UTC"
"collisionspike","rpkwbz0ue3gefi4j1fk3zsrw4ue808a1","201","955","5edf363f95cea9ea44aba8fec3bbc8b7","upload","","POST","2026-07-03 08:10:58 UTC"
"collisionspike","rpkwbz0ue3gefi4j1fk3zsrw4ue808a1","201","955","ade251ee01bb6950b906277005beeda3","upload","","POST","2026-07-03 16:35:10 UTC"
"collisionspike","rpkwbz0ue3gefi4j1fk3zsrw4ue808a1","201","956","99fa8a7391710bb330c483b863a9746e","upload","","POST","2026-07-03 08:50:45 UTC"
"collisionspike","rpkwbz0ue3gefi4j1fk3zsrw4ue808a1","201","956","11a0e6a570b808ddf3efc78d28ed8e32","upload","","POST","2026-07-03 14:05:00 UTC"
"collisionspike","rpkwbz0ue3gefi4j1fk3zsrw4ue808a1","201","956","7fad7f4d5f26862b14e7fe02ae7af8d8","upload","","POST","2026-07-03 13:58:56 UTC"
"collisionspike","rpkwbz0ue3gefi4j1fk3zsrw4ue808a1","201","956","e32b692578ad43bad2d36813bbf27df4","upload","","POST","2026-07-03 10:52:09 UTC"
"collisionspike","rpkwbz0ue3gefi4j1fk3zsrw4ue808a1","201","956","e2680748ced421fdb557963b6416f02e","upload","","POST","2026-07-03 14:47:27 UTC"
"collisionspike","rpkwbz0ue3gefi4j1fk3zsrw4ue808a1","201","957","d02769bb0dd90129bf3f7c0defe67109","upload","","POST","2026-07-03 10:52:03 UTC"
"collisionspike","rpkwbz0ue3gefi4j1fk3zsrw4ue808a1","201","958","a3799012b90aa10b422a0d25f49c5e89","upload","","POST","2026-07-03 16:37:56 UTC"
"collisionspike","rpkwbz0ue3gefi4j1fk3zsrw4ue808a1","201","959","fabe2fb561be1afde756a23b794ee31c","upload","","POST","2026-07-03 08:30:52 UTC"
"collisionspike","rpkwbz0ue3gefi4j1fk3zsrw4ue808a1","201","962","4eee51d125618c8b379f74350f6ea085","upload","","POST","2026-07-03 16:37:38 UTC"
"collisionspike","rpkwbz0ue3gefi4j1fk3zsrw4ue808a1","201","964","06a2da9deaf9f61e5f7cc4ed67458ef9","upload","","POST","2026-07-03 06:25:48 UTC"
"collisionspike","rpkwbz0ue3gefi4j1fk3zsrw4ue808a1","201","966","d7ea569f9ed3d107ea522ab613a2b19b","upload","","POST","2026-07-03 16:38:05 UTC"
"collisionspike","rpkwbz0ue3gefi4j1fk3zsrw4ue808a1","201","971","f5470985c89bf0c76899fdb5d915c771","upload","","POST","2026-07-03 08:55:52 UTC"
"collisionspike","rpkwbz0ue3gefi4j1fk3zsrw4ue808a1","201","972","3f625385ff53e4ee5b87b6e24889d887","upload","","POST","2026-07-03 19:13:39 UTC"
"collisionspike","rpkwbz0ue3gefi4j1fk3zsrw4ue808a1","201","972","a83dc48142c2796b6eae8b5ac83c465b","upload","","POST","2026-07-03 13:59:03 UTC"
"collisionspike","rpkwbz0ue3gefi4j1fk3zsrw4ue808a1","201","975","910c92ed06759b5217e5736142ecfccc","upload","","POST","2026-07-03 19:13:50 UTC"
"collisionspike","rpkwbz0ue3gefi4j1fk3zsrw4ue808a1","201","976","fadb89bc3f140f923ef485a392b98408","upload","","POST","2026-07-03 13:58:53 UTC"
"collisionspike","rpkwbz0ue3gefi4j1fk3zsrw4ue808a1","201","977","440d68f8d088a3ba65a515363d925443","upload","","POST","2026-07-03 16:35:13 UTC"
"collisionspike","rpkwbz0ue3gefi4j1fk3zsrw4ue808a1","201","978","6bb3ffeaf9378176be88d453e81ed3c6","upload","","POST","2026-07-03 13:30:44 UTC"
"collisionspike","rpkwbz0ue3gefi4j1fk3zsrw4ue808a1","201","979","e3d7c5c72bedc9a657049cbb127767d8","upload","","POST","2026-07-03 08:50:43 UTC"
"collisionspike","rpkwbz0ue3gefi4j1fk3zsrw4ue808a1","201","981","5567a929d758ecdd4f060d406bffd452","upload","","POST","2026-07-03 13:36:12 UTC"
"collisionspike","rpkwbz0ue3gefi4j1fk3zsrw4ue808a1","201","982","c1d6d408e18172fee0fca50ddcf12b28","upload","","POST","2026-07-03 06:25:52 UTC"
"collisionspike","rpkwbz0ue3gefi4j1fk3zsrw4ue808a1","201","983","fd6e0c0be106aa1aa78843df805a918d","upload","","POST","2026-07-03 07:01:14 UTC"
"collisionspike","rpkwbz0ue3gefi4j1fk3zsrw4ue808a1","201","984","d71c583d26a4c655a36e6180a339d78a","upload","","POST","2026-07-03 14:21:42 UTC"
"collisionspike","rpkwbz0ue3gefi4j1fk3zsrw4ue808a1","201","984","1fabc8fa45806aedcf875c0fbcc0aa90","upload","","POST","2026-07-03 08:10:55 UTC"
"collisionspike","rpkwbz0ue3gefi4j1fk3zsrw4ue808a1","201","988","dd9961e5dfd1fb00d53727271cd0bedc","upload","","POST","2026-07-03 19:13:45 UTC"
"collisionspike","rpkwbz0ue3gefi4j1fk3zsrw4ue808a1","201","989","4b8162faf39c38507f1908800289bc5c","upload","","POST","2026-07-03 16:37:54 UTC"
"collisionspike","rpkwbz0ue3gefi4j1fk3zsrw4ue808a1","201","991","e3f76a1c1365efbca8865891837128df","upload","","POST","2026-07-03 14:23:21 UTC"
"collisionspike","rpkwbz0ue3gefi4j1fk3zsrw4ue808a1","201","991","701a137d9346b16e0293d1a3d9b517d5","upload","","POST","2026-07-03 14:04:44 UTC"
"collisionspike","rpkwbz0ue3gefi4j1fk3zsrw4ue808a1","201","994","1b50d213aa8ee3380c90579200ffee7d","upload","","POST","2026-07-03 10:52:08 UTC"
"collisionspike","rpkwbz0ue3gefi4j1fk3zsrw4ue808a1","201","994","5d01cea818e1b375fad61a03f64bc275","upload","","POST","2026-07-03 06:25:50 UTC"
"collisionspike","rpkwbz0ue3gefi4j1fk3zsrw4ue808a1","201","995","2be03d64e74d2543d600336a9647e9c6","upload","","POST","2026-07-03 14:21:34 UTC"
"collisionspike","rpkwbz0ue3gefi4j1fk3zsrw4ue808a1","201","996","0f1d3bc96158786221de1099f83cb8fd","upload","","POST","2026-07-03 08:08:41 UTC"
"collisionspike","rpkwbz0ue3gefi4j1fk3zsrw4ue808a1","201","997","8bf2a0ce7f03880495df4236d8cd0718","upload","","POST","2026-07-03 14:47:25 UTC"
"collisionspike","rpkwbz0ue3gefi4j1fk3zsrw4ue808a1","201","999","881673175b92df524a5339d97b83cd48","upload","","POST","2026-07-03 19:13:40 UTC"
"collisionspike","rpkwbz0ue3gefi4j1fk3zsrw4ue808a1","201","1001","c8c6789b54792e2aa8a15baefd6b9617","upload","","POST","2026-07-03 16:38:24 UTC"
"collisionspike","rpkwbz0ue3gefi4j1fk3zsrw4ue808a1","201","1002","e6dd1a8e721efba207cb0d72e78561cc","upload","","POST","2026-07-03 08:50:43 UTC"
"collisionspike","rpkwbz0ue3gefi4j1fk3zsrw4ue808a1","201","1002","53c121cfb8de92baf8cec277b38c3718","upload","","POST","2026-07-03 16:38:07 UTC"
"collisionspike","rpkwbz0ue3gefi4j1fk3zsrw4ue808a1","201","1003","2fa2d820deac8a25c7f66323130a1404","upload","","POST","2026-07-03 08:08:45 UTC"
"collisionspike","rpkwbz0ue3gefi4j1fk3zsrw4ue808a1","201","1003","7277ca4ef5351e8178f45e3026a70ac6","upload","","POST","2026-07-03 09:29:18 UTC"
"collisionspike","rpkwbz0ue3gefi4j1fk3zsrw4ue808a1","201","1004","d08fdda6347d017602e667cb2d06d64e","upload","","POST","2026-07-03 19:13:37 UTC"
"collisionspike","rpkwbz0ue3gefi4j1fk3zsrw4ue808a1","201","1006","26613742a68c5b30babc0f64a9fac595","upload","","POST","2026-07-03 13:30:40 UTC"
"collisionspike","rpkwbz0ue3gefi4j1fk3zsrw4ue808a1","201","1006","e10597613c23da772ec033a8642d9503","upload","","POST","2026-07-03 08:50:42 UTC"
"collisionspike","rpkwbz0ue3gefi4j1fk3zsrw4ue808a1","201","1006","dd90076eed60308f10e134fa356c95ab","upload","","POST","2026-07-03 08:08:47 UTC"
"collisionspike","rpkwbz0ue3gefi4j1fk3zsrw4ue808a1","201","1006","57e5a7bb9ba2829a96e5c00d6591360a","upload","","POST","2026-07-03 13:20:52 UTC"
"collisionspike","rpkwbz0ue3gefi4j1fk3zsrw4ue808a1","201","1007","a0a279946d802419193cdfa2c901f79c","upload","","POST","2026-07-03 06:25:45 UTC"
"collisionspike","rpkwbz0ue3gefi4j1fk3zsrw4ue808a1","201","1007","7499968eba1421b343eecace0a461219","upload","","POST","2026-07-03 19:13:52 UTC"
"collisionspike","rpkwbz0ue3gefi4j1fk3zsrw4ue808a1","201","1009","c221adcd05bd1755840fd733f471acd5","upload","","POST","2026-07-03 08:10:57 UTC"
"collisionspike","rpkwbz0ue3gefi4j1fk3zsrw4ue808a1","201","1012","8afef1d4c5fb0c51ca3e42ba843671f7","upload","","POST","2026-07-03 16:30:51 UTC"
"collisionspike","rpkwbz0ue3gefi4j1fk3zsrw4ue808a1","201","1016","5cec43c92fd7e2921e6310ec8bca7da4","upload","","POST","2026-07-03 13:53:57 UTC"
"collisionspike","rpkwbz0ue3gefi4j1fk3zsrw4ue808a1","201","1017","f5a50771e7403f2a21dc8bcec6a1537e","upload","","POST","2026-07-03 12:46:10 UTC"
"collisionspike","rpkwbz0ue3gefi4j1fk3zsrw4ue808a1","201","1024","edd96e335e5a4e1ed4f233cccaa7995d","upload","","POST","2026-07-03 14:15:48 UTC"
"collisionspike","rpkwbz0ue3gefi4j1fk3zsrw4ue808a1","201","1024","ffa44deb0827d34d8da960c9838f8881","upload","","POST","2026-07-03 19:13:36 UTC"
"collisionspike","rpkwbz0ue3gefi4j1fk3zsrw4ue808a1","201","1025","ebdc75299795411235e7d93965adee7b","upload","","POST","2026-07-03 13:36:11 UTC"
"collisionspike","rpkwbz0ue3gefi4j1fk3zsrw4ue808a1","201","1027","57ace1fea5348b5bb0cd5781602ecac2","upload","","POST","2026-07-03 13:54:00 UTC"
"collisionspike","rpkwbz0ue3gefi4j1fk3zsrw4ue808a1","201","1029","c129c98055e52482f75f4d8fe00e685b","upload","","POST","2026-07-03 14:21:46 UTC"
"collisionspike","rpkwbz0ue3gefi4j1fk3zsrw4ue808a1","201","1029","3ce5947c9210612ddd4bf5e5f25355c3","upload","","POST","2026-07-03 10:52:11 UTC"
"collisionspike","rpkwbz0ue3gefi4j1fk3zsrw4ue808a1","201","1030","693d27c5f689d30ff0d754b52119f12c","upload","","POST","2026-07-03 16:35:18 UTC"
"collisionspike","rpkwbz0ue3gefi4j1fk3zsrw4ue808a1","201","1030","d52bdf1bcdd640514b180ead4e7f23df","upload","","POST","2026-07-03 10:52:06 UTC"
"collisionspike","rpkwbz0ue3gefi4j1fk3zsrw4ue808a1","201","1033","c0f2452c5e09177e6f3db4f0fbc80d1f","upload","","POST","2026-07-03 13:30:36 UTC"
"collisionspike","rpkwbz0ue3gefi4j1fk3zsrw4ue808a1","201","1037","05af5c70313b866acfb33b5aeba7f99a","upload","","POST","2026-07-03 16:37:35 UTC"
"collisionspike","rpkwbz0ue3gefi4j1fk3zsrw4ue808a1","201","1037","bb88ae0e956b898ae261269b541de92c","upload","","POST","2026-07-03 14:21:44 UTC"
"collisionspike","rpkwbz0ue3gefi4j1fk3zsrw4ue808a1","201","1040","5d7e87323a57d495b44c0ba6bf9f7063","upload","","POST","2026-07-03 09:29:14 UTC"
"collisionspike","rpkwbz0ue3gefi4j1fk3zsrw4ue808a1","201","1040","7c005d6fd2127091d7c12c9ba29f804f","upload","","POST","2026-07-03 16:30:54 UTC"
"collisionspike","rpkwbz0ue3gefi4j1fk3zsrw4ue808a1","201","1041","11d58cea01bad0fc5939dc9aacfb8d39","upload","","POST","2026-07-03 13:58:51 UTC"
"collisionspike","rpkwbz0ue3gefi4j1fk3zsrw4ue808a1","201","1041","f0f5fcb1a2297082e6c2453ece1f812f","upload","","POST","2026-07-03 09:29:16 UTC"
"collisionspike","rpkwbz0ue3gefi4j1fk3zsrw4ue808a1","201","1044","f7eda46e66b4c1fdfcb45491ebddf412","upload","","POST","2026-07-03 14:21:32 UTC"
"collisionspike","rpkwbz0ue3gefi4j1fk3zsrw4ue808a1","201","1045","71be3253e1ecdf402eab53099274a337","upload","","POST","2026-07-03 16:35:22 UTC"
"collisionspike","rpkwbz0ue3gefi4j1fk3zsrw4ue808a1","201","1045","12ec54599f8ac81dbbdd367b6b1142b9","upload","","POST","2026-07-03 13:30:48 UTC"
"collisionspike","rpkwbz0ue3gefi4j1fk3zsrw4ue808a1","201","1046","be40f3493fe6ba97519b334fbe219184","upload","","POST","2026-07-03 16:37:53 UTC"
"collisionspike","rpkwbz0ue3gefi4j1fk3zsrw4ue808a1","201","1048","0a85a5efbfe5108cf38220fcc7531e57","upload","","POST","2026-07-03 16:38:22 UTC"
"collisionspike","rpkwbz0ue3gefi4j1fk3zsrw4ue808a1","201","1048","624f3732136fde7d5281d8322526c6b0","upload","","POST","2026-07-03 14:30:53 UTC"
"collisionspike","rpkwbz0ue3gefi4j1fk3zsrw4ue808a1","201","1048","f3c1dbf7729954fca7b564b57adfa693","upload","","POST","2026-07-03 10:52:13 UTC"
"collisionspike","rpkwbz0ue3gefi4j1fk3zsrw4ue808a1","201","1049","b02f5dbdafd3d7c5bfb1b252a62d16ff","upload","","POST","2026-07-03 14:04:58 UTC"
"collisionspike","rpkwbz0ue3gefi4j1fk3zsrw4ue808a1","201","1050","bb8d843c089529e992bf107c846d6c9b","upload","","POST","2026-07-03 14:21:52 UTC"
"collisionspike","rpkwbz0ue3gefi4j1fk3zsrw4ue808a1","201","1052","5a6c9b592a212227ba1a948706a0165a","upload","","POST","2026-07-03 08:08:38 UTC"
"collisionspike","rpkwbz0ue3gefi4j1fk3zsrw4ue808a1","201","1054","926b1e21495f52fb00cc80134bdae9f2","upload","","POST","2026-07-03 14:23:54 UTC"
"collisionspike","rpkwbz0ue3gefi4j1fk3zsrw4ue808a1","201","1056","bd87110f10cd713c7a431bf071e1ea72","upload","","POST","2026-07-03 16:35:20 UTC"
"collisionspike","rpkwbz0ue3gefi4j1fk3zsrw4ue808a1","201","1056","7472573e22037859a65efa76b32c7a8d","upload","","POST","2026-07-03 06:25:58 UTC"
"collisionspike","rpkwbz0ue3gefi4j1fk3zsrw4ue808a1","201","1057","cdbd6b1bdf3c35a21b898e21b92feb80","upload","","POST","2026-07-03 08:08:43 UTC"
"collisionspike","rpkwbz0ue3gefi4j1fk3zsrw4ue808a1","201","1058","688ebdc979d8829c0e370c8a23a79d9a","upload","","POST","2026-07-03 09:29:12 UTC"
"collisionspike","rpkwbz0ue3gefi4j1fk3zsrw4ue808a1","201","1058","ebf679ca5d396c4b73a4daf5020a246a","upload","","POST","2026-07-03 14:31:02 UTC"
"collisionspike","rpkwbz0ue3gefi4j1fk3zsrw4ue808a1","201","1059","394ecdf86fdd10514020a2fb294c1939","upload","","POST","2026-07-03 08:51:27 UTC"
"collisionspike","rpkwbz0ue3gefi4j1fk3zsrw4ue808a1","201","1063","95fc9f1eaa73ae64b30a129a11553bb1","upload","","POST","2026-07-03 09:29:05 UTC"
"collisionspike","rpkwbz0ue3gefi4j1fk3zsrw4ue808a1","201","1064","95f4d942724089415a19b564fbb6d424","upload","","POST","2026-07-03 14:15:43 UTC"
"collisionspike","rpkwbz0ue3gefi4j1fk3zsrw4ue808a1","201","1064","cd17324022373db77c085676e99d9d96","upload","","POST","2026-07-03 16:35:35 UTC"
"collisionspike","rpkwbz0ue3gefi4j1fk3zsrw4ue808a1","201","1065","c8410c14750975a97bd6d14d2723c595","upload","","POST","2026-07-03 16:38:10 UTC"
"collisionspike","rpkwbz0ue3gefi4j1fk3zsrw4ue808a1","201","1066","91b3e512998a64323c39e69cf8dbdd0d","upload","","POST","2026-07-03 13:58:49 UTC"
"collisionspike","rpkwbz0ue3gefi4j1fk3zsrw4ue808a1","201","1067","746ff9fd60022c9a8ce4c29adc158397","upload","","POST","2026-07-03 13:30:52 UTC"
"collisionspike","rpkwbz0ue3gefi4j1fk3zsrw4ue808a1","201","1068","7d5c2d1d61d817421c0cb526abbb52bd","upload","","POST","2026-07-03 07:01:15 UTC"
"collisionspike","rpkwbz0ue3gefi4j1fk3zsrw4ue808a1","201","1073","756e9a0641e922a265b40518c56db1ea","upload","","POST","2026-07-03 14:01:19 UTC"
"collisionspike","rpkwbz0ue3gefi4j1fk3zsrw4ue808a1","201","1073","93b2ccbc3c5e3e337b41c499884488c7","upload","","POST","2026-07-03 13:30:50 UTC"
"collisionspike","rpkwbz0ue3gefi4j1fk3zsrw4ue808a1","201","1074","d802d65c91df64659c901110f02f45f0","upload","","POST","2026-07-03 16:37:49 UTC"
"collisionspike","rpkwbz0ue3gefi4j1fk3zsrw4ue808a1","201","1074","7bc904a2148460347e23986d6860e344","upload","","POST","2026-07-03 16:35:33 UTC"
"collisionspike","rpkwbz0ue3gefi4j1fk3zsrw4ue808a1","201","1075","f88b9d8ea5a855e3d8f180c023dc3c97","upload","","POST","2026-07-03 08:15:36 UTC"
"collisionspike","rpkwbz0ue3gefi4j1fk3zsrw4ue808a1","201","1076","233f31d6648e5c25e248b03e43ca6f7e","upload","","POST","2026-07-03 13:30:29 UTC"
"collisionspike","rpkwbz0ue3gefi4j1fk3zsrw4ue808a1","201","1077","348168a915b95e900b5a2ddbbc8d91b8","upload","","POST","2026-07-03 16:30:56 UTC"
"collisionspike","rpkwbz0ue3gefi4j1fk3zsrw4ue808a1","201","1078","3bb83ff2918f37c5ba9490e55eae26ba","upload","","POST","2026-07-03 08:15:37 UTC"
"collisionspike","rpkwbz0ue3gefi4j1fk3zsrw4ue808a1","201","1078","1c02ba6888fb075d2d28e6c62057be89","upload","","POST","2026-07-03 16:37:40 UTC"
"collisionspike","rpkwbz0ue3gefi4j1fk3zsrw4ue808a1","201","1084","8979e843eae54a2b790616978fe71e23","upload","","POST","2026-07-03 13:58:45 UTC"
"collisionspike","rpkwbz0ue3gefi4j1fk3zsrw4ue808a1","201","1085","ee414181076824ee2721cd9a0deaf1d3","upload","","POST","2026-07-03 08:08:40 UTC"
"collisionspike","rpkwbz0ue3gefi4j1fk3zsrw4ue808a1","201","1086","7eb9dd01a1ad06dd88f5f9460d40e1c4","upload","","POST","2026-07-03 14:05:42 UTC"
"collisionspike","rpkwbz0ue3gefi4j1fk3zsrw4ue808a1","201","1088","f017b16426055a344d53c458afd8fd10","upload","","POST","2026-07-03 16:35:28 UTC"
"collisionspike","rpkwbz0ue3gefi4j1fk3zsrw4ue808a1","201","1090","37fc6cae277bc7d16ce186b0c17eeb33","upload","","POST","2026-07-03 14:01:08 UTC"
"collisionspike","rpkwbz0ue3gefi4j1fk3zsrw4ue808a1","201","1091","988de93c666b1d2912af2d9698119c00","upload","","POST","2026-07-03 16:37:51 UTC"
"collisionspike","rpkwbz0ue3gefi4j1fk3zsrw4ue808a1","201","1092","24778d682899a4af2c78b3b488bc2b10","upload","","POST","2026-07-03 16:37:42 UTC"
"collisionspike","rpkwbz0ue3gefi4j1fk3zsrw4ue808a1","201","1093","e35c92e8cfdd720a4e129b7ea0363b05","upload","","POST","2026-07-03 16:37:43 UTC"
"collisionspike","rpkwbz0ue3gefi4j1fk3zsrw4ue808a1","201","1093","bc99b37e660250b0f6e076b47a1fe36a","upload","","POST","2026-07-03 14:01:17 UTC"
"collisionspike","rpkwbz0ue3gefi4j1fk3zsrw4ue808a1","201","1094","8ab9b0cff8097c05afe383f5485f841d","upload","","POST","2026-07-03 14:23:09 UTC"
"collisionspike","rpkwbz0ue3gefi4j1fk3zsrw4ue808a1","201","1095","61c28c51313c6e4e2874e0c6a1d8b8eb","upload","","POST","2026-07-03 13:30:54 UTC"
"collisionspike","rpkwbz0ue3gefi4j1fk3zsrw4ue808a1","201","1095","18f2e225e73fce9e2fc6cbe551b938b7","upload","","POST","2026-07-03 14:01:13 UTC"
"collisionspike","rpkwbz0ue3gefi4j1fk3zsrw4ue808a1","201","1097","1f18baa510a77c98a716af0d046f48d3","upload","","POST","2026-07-03 19:13:34 UTC"
"collisionspike","rpkwbz0ue3gefi4j1fk3zsrw4ue808a1","201","1098","9ffbf9e4c80ae6dd881f24a8ff30e66e","upload","","POST","2026-07-03 14:30:51 UTC"
"collisionspike","rpkwbz0ue3gefi4j1fk3zsrw4ue808a1","201","1098","995de56eb2bb63549a025fd35d9ecfa1","upload","","POST","2026-07-03 10:52:15 UTC"
"collisionspike","rpkwbz0ue3gefi4j1fk3zsrw4ue808a1","201","1098","0db9cb4d5d48898f3a389ab89a940b1f","upload","","POST","2026-07-03 12:46:04 UTC"
"collisionspike","rpkwbz0ue3gefi4j1fk3zsrw4ue808a1","201","1101","47c5659509affe3c8dffad405405f49f","upload","","POST","2026-07-03 13:30:38 UTC"
"collisionspike","rpkwbz0ue3gefi4j1fk3zsrw4ue808a1","201","1107","7958f363e5af6bffc2db58ac2cbb58c6","upload","","POST","2026-07-03 07:01:13 UTC"
"collisionspike","rpkwbz0ue3gefi4j1fk3zsrw4ue808a1","201","1107","93c2f000e9b8b81ad94d2876284e8686","upload","","POST","2026-07-03 08:55:49 UTC"
"collisionspike","rpkwbz0ue3gefi4j1fk3zsrw4ue808a1","201","1108","cee3274295e6f4be7d991cf5669c4119","upload","","POST","2026-07-03 06:25:47 UTC"
"collisionspike","rpkwbz0ue3gefi4j1fk3zsrw4ue808a1","201","1110","12f630e63a676938e400bbf666db3942","upload","","POST","2026-07-03 13:30:34 UTC"
"collisionspike","rpkwbz0ue3gefi4j1fk3zsrw4ue808a1","201","1112","2cdcc01ca4fefe504d120c711c7ab9dc","upload","","POST","2026-07-03 14:01:15 UTC"
"collisionspike","rpkwbz0ue3gefi4j1fk3zsrw4ue808a1","201","1113","5a856a95f793ee5079178dc05ca256c9","upload","","POST","2026-07-03 08:50:40 UTC"
"collisionspike","rpkwbz0ue3gefi4j1fk3zsrw4ue808a1","201","1114","ba2111ca6002bec5e80c06fdf5969263","upload","","POST","2026-07-03 14:21:53 UTC"
"collisionspike","rpkwbz0ue3gefi4j1fk3zsrw4ue808a1","201","1118","f250a24f6a5a6e05b8fc712d78db0439","upload","","POST","2026-07-03 14:21:47 UTC"
"collisionspike","rpkwbz0ue3gefi4j1fk3zsrw4ue808a1","201","1119","29395c045623b86ccfa07168fe4fa12c","upload","","POST","2026-07-03 14:21:36 UTC"
"collisionspike","rpkwbz0ue3gefi4j1fk3zsrw4ue808a1","201","1129","e40ba6cf1c74f9c238401d2b6617b16f","upload","","POST","2026-07-03 16:35:26 UTC"
"collisionspike","rpkwbz0ue3gefi4j1fk3zsrw4ue808a1","201","1130","abc432c3e36ddbb447c3fe8a083bd3ed","upload","","POST","2026-07-03 07:01:10 UTC"
"collisionspike","rpkwbz0ue3gefi4j1fk3zsrw4ue808a1","201","1131","d4eaca242b27e93054cddd7ecde684a5","upload","","POST","2026-07-03 09:29:03 UTC"
"collisionspike","rpkwbz0ue3gefi4j1fk3zsrw4ue808a1","201","1131","f91647b9a6433d7ad8a4ba30244766ff","upload","","POST","2026-07-03 14:21:37 UTC"
"collisionspike","rpkwbz0ue3gefi4j1fk3zsrw4ue808a1","201","1133","dfa408f359a64f4cad4b2f058a8b986a","upload","","POST","2026-07-03 16:38:02 UTC"
"collisionspike","rpkwbz0ue3gefi4j1fk3zsrw4ue808a1","201","1134","1379df6d8be31a49ac56031ad9a84f35","upload","","POST","2026-07-03 14:30:59 UTC"
"collisionspike","rpkwbz0ue3gefi4j1fk3zsrw4ue808a1","201","1137","3bea22f27a66ce6af7a8a446f7cff206","upload","","POST","2026-07-03 08:30:50 UTC"
"collisionspike","rpkwbz0ue3gefi4j1fk3zsrw4ue808a1","201","1138","910b385a612e16ed63bc2dbe9c79a019","upload","","POST","2026-07-03 08:11:00 UTC"
"collisionspike","rpkwbz0ue3gefi4j1fk3zsrw4ue808a1","201","1139","b718ddbd30955934a72c9733cf693147","upload","","POST","2026-07-03 13:58:55 UTC"
"collisionspike","rpkwbz0ue3gefi4j1fk3zsrw4ue808a1","201","1141","1d709c4d6995fd5a4a7c6ef0735901cd","upload","","POST","2026-07-03 09:33:30 UTC"
"collisionspike","rpkwbz0ue3gefi4j1fk3zsrw4ue808a1","201","1144","6d35e096bf4a4ed1170727d1b130e609","upload","","POST","2026-07-03 13:30:31 UTC"
"collisionspike","rpkwbz0ue3gefi4j1fk3zsrw4ue808a1","201","1145","a011df8f6d1781436fb7ac90f7c95835","upload","","POST","2026-07-03 14:15:47 UTC"
"collisionspike","rpkwbz0ue3gefi4j1fk3zsrw4ue808a1","201","1146","e2490c0bccf97c2b60e9a20648c4a0da","upload","","POST","2026-07-03 09:29:07 UTC"
"collisionspike","rpkwbz0ue3gefi4j1fk3zsrw4ue808a1","201","1146","8c26c5148f4afc15056065352b5c68b8","upload","","POST","2026-07-03 13:54:01 UTC"
"collisionspike","rpkwbz0ue3gefi4j1fk3zsrw4ue808a1","201","1146","7600884eec771683c6e4db94152e923e","upload","","POST","2026-07-03 16:35:15 UTC"
"collisionspike","rpkwbz0ue3gefi4j1fk3zsrw4ue808a1","201","1149","ead9af5ef4d1de82d1c2541453802b78","upload","","POST","2026-07-03 16:38:00 UTC"
"collisionspike","rpkwbz0ue3gefi4j1fk3zsrw4ue808a1","201","1150","f23096e850cbf5b33b2f25467305851d","upload","","POST","2026-07-03 16:37:58 UTC"
"collisionspike","rpkwbz0ue3gefi4j1fk3zsrw4ue808a1","201","1155","d64a4fdffe95964106697e60f6dbc063","upload","","POST","2026-07-03 13:36:14 UTC"
"collisionspike","rpkwbz0ue3gefi4j1fk3zsrw4ue808a1","201","1155","a2b84000b20ac2a0dab643ce9a851972","upload","","POST","2026-07-03 08:51:25 UTC"
"collisionspike","rpkwbz0ue3gefi4j1fk3zsrw4ue808a1","201","1162","84a8915a6fe6115e5100891ee289237b","upload","","POST","2026-07-03 06:25:54 UTC"
"collisionspike","rpkwbz0ue3gefi4j1fk3zsrw4ue808a1","201","1164","9c96f8ae2a6ccb672c2b16bf88d00e78","upload","","POST","2026-07-03 13:36:09 UTC"
"collisionspike","rpkwbz0ue3gefi4j1fk3zsrw4ue808a1","201","1164","a1f020c71bce7cb8f55a8f15241dcbd8","upload","","POST","2026-07-03 12:48:03 UTC"
"collisionspike","rpkwbz0ue3gefi4j1fk3zsrw4ue808a1","201","1165","0d60a64f66b29f85bd07ea732e3d74d6","upload","","POST","2026-07-03 08:30:47 UTC"
"collisionspike","rpkwbz0ue3gefi4j1fk3zsrw4ue808a1","201","1172","5a38fa3b4b9eabc971340d2ce00636a1","upload","","POST","2026-07-03 14:01:10 UTC"
"collisionspike","rpkwbz0ue3gefi4j1fk3zsrw4ue808a1","201","1176","9c5901c440dd986519b1b0e0f69e92ec","upload","","POST","2026-07-03 16:37:45 UTC"
"collisionspike","rpkwbz0ue3gefi4j1fk3zsrw4ue808a1","201","1186","c56ebc2f6d85e6e0e04bb3dfa3ef6f1e","upload","","POST","2026-07-03 08:50:38 UTC"
"collisionspike","rpkwbz0ue3gefi4j1fk3zsrw4ue808a1","201","1187","4f745fe68243adff9b911dba826a00a8","upload","","POST","2026-07-03 08:08:55 UTC"
"collisionspike","rpkwbz0ue3gefi4j1fk3zsrw4ue808a1","201","1188","4e3d988279b9f8b6f2bf58cc9008e256","upload","","POST","2026-07-03 08:50:40 UTC"
"collisionspike","rpkwbz0ue3gefi4j1fk3zsrw4ue808a1","201","1196","4bb9080ef9d269a78a18f4d34c65e7f2","upload","","POST","2026-07-03 14:23:32 UTC"
"collisionspike","rpkwbz0ue3gefi4j1fk3zsrw4ue808a1","201","1198","22ece10e516d9f6bb71e357f7a62ec05","upload","","POST","2026-07-03 08:55:53 UTC"
"collisionspike","rpkwbz0ue3gefi4j1fk3zsrw4ue808a1","201","1198","4b56ce344c771b89883479cf6a4228cd","upload","","POST","2026-07-03 08:51:23 UTC"
"collisionspike","rpkwbz0ue3gefi4j1fk3zsrw4ue808a1","201","1203","5276191ef6281c6a6fafa4eb8f2c7da2","upload","","POST","2026-07-03 08:15:33 UTC"
"collisionspike","rpkwbz0ue3gefi4j1fk3zsrw4ue808a1","201","1211","f542579699ba02c9e1613402514a6231","upload","","POST","2026-07-03 08:55:53 UTC"
"collisionspike","rpkwbz0ue3gefi4j1fk3zsrw4ue808a1","201","1213","88f841f442c2e40898a2466e96a68ec1","upload","","POST","2026-07-03 08:08:57 UTC"
"collisionspike","rpkwbz0ue3gefi4j1fk3zsrw4ue808a1","201","1236","07914f2ec9ee29230c027b80a7aebab6","upload","","POST","2026-07-03 16:37:47 UTC"
"collisionspike","rpkwbz0ue3gefi4j1fk3zsrw4ue808a1","201","1245","6c0e50701e05f3c05eaaec10199a74a7","upload","","POST","2026-07-03 07:01:14 UTC"
"collisionspike","rpkwbz0ue3gefi4j1fk3zsrw4ue808a1","201","1252","8dc5ab332732b13c0384dc65c4b619bc","upload","","POST","2026-07-03 16:35:16 UTC"
"collisionspike","rpkwbz0ue3gefi4j1fk3zsrw4ue808a1","201","1253","9889d55bc4fec5c5c8d40c6572381eeb","upload","","POST","2026-07-03 06:25:56 UTC"
"collisionspike","rpkwbz0ue3gefi4j1fk3zsrw4ue808a1","201","1253","bbd5a638ea2fe2afb9dfcf65e4de290f","upload","","POST","2026-07-03 14:04:46 UTC"
"collisionspike","rpkwbz0ue3gefi4j1fk3zsrw4ue808a1","201","1265","c9281d01d5bafc9aa9fcd42c45c3f01e","upload","","POST","2026-07-03 09:29:08 UTC"
"collisionspike","rpkwbz0ue3gefi4j1fk3zsrw4ue808a1","201","1276","8da7ba54ff0a9bd5eca3909cbc8121d8","upload","","POST","2026-07-03 13:20:49 UTC"
"collisionspike","rpkwbz0ue3gefi4j1fk3zsrw4ue808a1","201","1280","8154d0a2df8dfff532b58308d95ec3af","upload","","POST","2026-07-03 14:04:56 UTC"
"collisionspike","rpkwbz0ue3gefi4j1fk3zsrw4ue808a1","201","1289","eb8a9e6d44f764fbeefbd21594d1618a","upload","","POST","2026-07-03 14:23:19 UTC"
"collisionspike","rpkwbz0ue3gefi4j1fk3zsrw4ue808a1","201","1349","a296bf4694559dc172a1027d025b6a9d","upload","","POST","2026-07-03 07:01:09 UTC"
"collisionspike","rpkwbz0ue3gefi4j1fk3zsrw4ue808a1","201","1351","51c3590513fb2734f8b1cd14b6edc53c","upload","","POST","2026-07-03 14:04:50 UTC"
"collisionspike","rpkwbz0ue3gefi4j1fk3zsrw4ue808a1","201","1356","a0bfe2c470c10afc9132515487e62afe","upload","","POST","2026-07-03 14:21:50 UTC"
"collisionspike","rpkwbz0ue3gefi4j1fk3zsrw4ue808a1","201","1388","eaee31283ad2e676c180fd3e2098c7ad","upload","","POST","2026-07-03 14:04:48 UTC"
"collisionspike","rpkwbz0ue3gefi4j1fk3zsrw4ue808a1","201","1412","03829fa6a08c563988b072c54190b5da","upload","","POST","2026-07-03 09:29:10 UTC"
"collisionspike","rpkwbz0ue3gefi4j1fk3zsrw4ue808a1","201","1426","b0d8e52db4e0e08da75515e5211df4fd","upload","","POST","2026-07-03 08:08:52 UTC"
"collisionspike","rpkwbz0ue3gefi4j1fk3zsrw4ue808a1","201","1429","d0305322cb6b4e07df9558354cdfb547","upload","","POST","2026-07-03 14:04:53 UTC"
"collisionspike","rpkwbz0ue3gefi4j1fk3zsrw4ue808a1","201","1492","d1436df9b9e3315a1916009065a989cf","upload","","POST","2026-07-03 19:13:43 UTC"
"collisionspike","rpkwbz0ue3gefi4j1fk3zsrw4ue808a1","201","1535","a249c07f0445d77779b478026ca3fe90","upload","","POST","2026-07-03 14:23:16 UTC"
"collisionspike","rpkwbz0ue3gefi4j1fk3zsrw4ue808a1","201","1535","c7c55154b105535b9857c354b9bac58c","upload","","POST","2026-07-03 13:59:00 UTC"
"collisionspike","rpkwbz0ue3gefi4j1fk3zsrw4ue808a1","201","1623","3478990a3dd74a168a7bc12827c33795","upload","","POST","2026-07-03 16:38:15 UTC"
"collisionspike","rpkwbz0ue3gefi4j1fk3zsrw4ue808a1","201","1654","7445b864cd4e613b3f7f92c8fc41553d","upload","","POST","2026-07-03 13:54:03 UTC"
"collisionspike","rpkwbz0ue3gefi4j1fk3zsrw4ue808a1","201","1659","6e68e4393877ab28b1a5fe32a3a1bf65","upload","","POST","2026-07-03 19:13:48 UTC"
"collisionspike","rpkwbz0ue3gefi4j1fk3zsrw4ue808a1","201","1679","32c5c6a1ebf8b776537f2a9fb4fc0ff2","upload","","POST","2026-07-03 16:35:31 UTC"
"collisionspike","rpkwbz0ue3gefi4j1fk3zsrw4ue808a1","201","1713","c0d4f6b09b9450deafc608909b118515","upload","","POST","2026-07-03 14:23:13 UTC"
"collisionspike","rpkwbz0ue3gefi4j1fk3zsrw4ue808a1","201","2004","47d3736f58551deef5f90ea04095be13","upload","","POST","2026-07-03 12:46:07 UTC"
"collisionspike","rpkwbz0ue3gefi4j1fk3zsrw4ue808a1","201","2218","f27a4ed6e5a728d0782b9d5bca8eac87","upload","","POST","2026-07-03 16:38:19 UTC"
"collisionspike","rpkwbz0ue3gefi4j1fk3zsrw4ue808a1","201","2696","8c3b317294fe3ee56a3ed62061010020","upload","","POST","2026-07-03 14:23:27 UTC"
"collisionspike","rpkwbz0ue3gefi4j1fk3zsrw4ue808a1","201","3302","16a5287c475c24b7d7b699096af3cd8d","upload","","POST","2026-07-03 14:05:38 UTC"
"collisionspike","rpkwbz0ue3gefi4j1fk3zsrw4ue808a1","409","637","a2d7f5e9b11d64997aa1ecfeb88228cf","upload","","POST","2026-07-03 14:23:29 UTC"
"collisionspike","rpkwbz0ue3gefi4j1fk3zsrw4ue808a1","409","657","f083bbdf7a448b0a0fbb29ac546b2b9f","upload","","POST","2026-07-03 14:23:30 UTC"
"collisionspike","rpkwbz0ue3gefi4j1fk3zsrw4ue808a1","409","669","7be20f57cc603a8c9d3b8bbacba680b1","upload","","POST","2026-07-03 08:55:50 UTC"
"collisionspike","rpkwbz0ue3gefi4j1fk3zsrw4ue808a1","409","671","3e9a07102c1dc37ae939ba7f30d7e751","upload","","POST","2026-07-03 13:54:10 UTC"
"collisionspike","rpkwbz0ue3gefi4j1fk3zsrw4ue808a1","409","675","4cb767a8df7eb92e1d3950cf1c8ea271","upload","","POST","2026-07-03 12:48:01 UTC"
"collisionspike","rpkwbz0ue3gefi4j1fk3zsrw4ue808a1","409","689","2b933cc633703213f6b8a048d1b1998e","upload","","POST","2026-07-03 13:16:17 UTC"
"collisionspike","rpkwbz0ue3gefi4j1fk3zsrw4ue808a1","409","709","661f72ab3061973a5b02325c50254b92","upload","","POST","2026-07-03 08:15:34 UTC"
"collisionspike","rpkwbz0ue3gefi4j1fk3zsrw4ue808a1","409","712","e2477bd261a20e56e3ba79c2beea29a7","upload","","POST","2026-07-03 09:33:29 UTC"
"collisionspike","rpkwbz0ue3gefi4j1fk3zsrw4ue808a1","409","714","42ba2388d17bdfe98b363e157bd1fa43","upload","","POST","2026-07-03 12:46:06 UTC"
"collisionspike","rpkwbz0ue3gefi4j1fk3zsrw4ue808a1","409","759","e503d890313b680b1f0ce3875ef24cc3","upload","","POST","2026-07-03 13:16:15 UTC"
"collisionspike","rpkwbz0ue3gefi4j1fk3zsrw4ue808a1","409","759","6e5ed740f4aa6b2327ee4f740665ace9","upload","","POST","2026-07-03 14:23:53 UTC"
"collisionspike","rpkwbz0ue3gefi4j1fk3zsrw4ue808a1","409","777","96e7c25e8aa824d483a6fe5f0bfb1252","upload","","POST","2026-07-03 14:15:45 UTC"
"collisionspike","rpkwbz0ue3gefi4j1fk3zsrw4ue808a1","409","786","0ec62baae98d1e497dcd5c7e23357a60","upload","","POST","2026-07-03 08:55:50 UTC"
"collisionspike","rpkwbz0ue3gefi4j1fk3zsrw4ue808a1","409","804","26598fe98af5dd639272da873696cc17","upload","","POST","2026-07-03 07:01:11 UTC"
"collisionspike","rpkwbz0ue3gefi4j1fk3zsrw4ue808a1","409","829","1af3ea3f3c50933752eab72b825b04c7","upload","","POST","2026-07-03 07:01:12 UTC"
"collisionspike","rpkwbz0ue3gefi4j1fk3zsrw4ue808a1","409","1135","8f5e064738b340e55b9a2675011b65d8","upload","","POST","2026-07-03 13:30:42 UTC"
"collisionspike","rpkwbz0ue3gefi4j1fk3zsrw4ue808a1","409","1564","0df61cc4873b8aa82786a1d6e0d88798","upload","","POST","2026-07-03 13:54:08 UTC"
"collisionspike","rpkwbz0ue3gefi4j1fk3zsrw4ue808a1","409","3119","4d1677b12d9cf341531d4f8d6877c4e5","upload","","POST","2026-07-03 14:14:27 UTC"
