principal_code,resolved_name,full_postcode
ABDIAZIZ,Abdiaziz Haji Mohamed,UB6 9EH
ABRAHAMS,Abrahams Solicitors,BD1 5LL
ABRAHAMS,Abrahams Solicitors,BD13 1DT
ABSOLUTE,Absolute Law Solicitors Unity House,B18 6NY
ABSOLUTE,Absolute Law Solicitors Unity House,B23 5SB
ABSOLUTE,Absolute Law Solicitors Unity House,B70 8NS
ABSOLUTE,Absolute Law Solicitors Unity House,B70 9BY
ABSOLUTE,Absolute Law Solicitors Unity House,B70 9HE
ABSOLUTE,Absolute Law Solicitors Unity House,BT78 1JA
ABSOLUTE,Absolute Law Solicitors Unity House,DY4 7NY
ABSOLUTE,Absolute Law Solicitors Unity House,LL30 2AA
ABSOLUTE,Absolute Law Solicitors Unity House,ST4 4EL
ABSOLUTE,Absolute Law Solicitors Unity House,WS8 7DE
ACSP,Accident Specialists (Direct jobs),BN9 9DG
ACSP,Accident Specialists (Direct jobs),CR8 3DA
ACSP,Accident Specialists (Direct jobs),HR4 9LW
ACSP,Accident Specialists (Direct jobs),LU4 8BY
ACSP,Accident Specialists (Direct jobs),NW10 0UP
ACSP,Accident Specialists (Direct jobs),RH10 1TL
ACSP,Accident Specialists (Direct jobs),RH10 1TN
ACSP,Accident Specialists (Direct jobs),RH10 5BA
ACSP,Accident Specialists (Direct jobs),RH11 7HA
ACSP,Accident Specialists (Direct jobs),RH11 8UE
ACSP,Accident Specialists (Direct jobs),SL3 8TA
ACSP,Accident Specialists (Direct jobs),UB4 8EH
AKRAM,Muahmmad Akram,RH10 9NT
ALIBHAI,Sabiha Alibhai,NW9 9EG
ALISON,Alison Law,BB10 1RW
ALISON,Alison Law,BD16 1BY
ALISON,Alison Law,BD3 0BW
ALISON,Alison Law,BD8 9HA
ALISON,Alison Law,E16 2PW
ALISON,Alison Law,LS14 1FT
ALISON,Alison Law,WF1 1TS
ALL,Alliance &Cooper,L39 2BQ
ALL,Alliance &Cooper,M19 1LD
ALL,Alliance &Cooper,M24 6EN
ALL,Alliance &Cooper,M25 0BR
ALL,Alliance &Cooper,M27 8TD
ALL,Alliance &Cooper,M40 5LS
ALL,Alliance &Cooper,M7 3TE
ALL,Alliance &Cooper,M8 0PY
ALL,Alliance &Cooper,M8 9BB
ALL,Alliance &Cooper,OL11 4JT
ALL,Alliance &Cooper,OL8 4AL
ALL,Alliance &Cooper,SK4 5LE
ALL,Alliance &Cooper,SL1 2LX
ALS,Auto Logistic Solutions Ltd,G67 3EN
AML,AML Solicitors The Halfway House,M23 1BD
AML,AML Solicitors The Halfway House,M8 0PY
AML,AML Solicitors The Halfway House,M8 5AA
AML,AML Solicitors The Halfway House,M8 9LF
AML,AML Solicitors The Halfway House,OL4 1EJ
AMS,AMS Solicitors,BD3 9DY
AMS,AMS Solicitors,IP2 9AZ
AMS,AMS Solicitors,OL4 5JB
AMS,AMS Solicitors,OL6 7EX
AMS,AMS Solicitors,WA5 1TW
ANSIR,Ansir Mahmood,B10 0LD
ARIF,Mohammed Aftab Arif,BB10 2TN
ARSHED,Arshed & Co Solicitors,M5 3AH
ARSHED,Arshed & Co Solicitors,NG6 0JZ
ARSHED,Arshed & Co Solicitors,OL6 8UF
AS,Aman Solicitors Advocates,B10 9PT
AS,Aman Solicitors Advocates,B14 6RL
AS,Aman Solicitors Advocates,B33 9HA
AS,Aman Solicitors Advocates,B8 2LX
AS,Aman Solicitors Advocates,B9 5RR
AS,Aman Solicitors Advocates,B98 7SB
AS,Aman Solicitors Advocates,BS4 4ED
AS,Aman Solicitors Advocates,WS1 3PH
AS,Aman Solicitors Advocates,WS2 9EQ
ASL,ASL Boston Solicitors,B11 1SB
ASL,ASL Boston Solicitors,B14 4ES
ASL,ASL Boston Solicitors,B21 0RL
ASL,ASL Boston Solicitors,B25 8DX
ASL,ASL Boston Solicitors,B68 8SG
ASL,ASL Boston Solicitors,B8 2DH
ASL,ASL Boston Solicitors,B8 3HE
ASL,ASL Boston Solicitors,B90 3EQ
ASL,ASL Boston Solicitors,B98 0LB
ASL,ASL Boston Solicitors,BS11 9JE
ASL,ASL Boston Solicitors,BS16 9QX
ASL,ASL Boston Solicitors,BS31 2PY
ASL,ASL Boston Solicitors,CR0 8RF
ASL,ASL Boston Solicitors,CR7 8SA
ASL,ASL Boston Solicitors,CV3 4BH
ASL,ASL Boston Solicitors,E8 1AQ
ASL,ASL Boston Solicitors,FY8 3AG
ASL,ASL Boston Solicitors,HA7 2DG
ASL,ASL Boston Solicitors,HR2 7PT
ASL,ASL Boston Solicitors,LN6 8AQ
ASL,ASL Boston Solicitors,M20 5GR
ASL,ASL Boston Solicitors,M23 1LS
ASL,ASL Boston Solicitors,M34 2QS
ASL,ASL Boston Solicitors,M34 3QS
ASL,ASL Boston Solicitors,M9 8LW
ASL,ASL Boston Solicitors,NW10 5QH
ASL,ASL Boston Solicitors,OL11 2PX
ASL,ASL Boston Solicitors,OL7 9HN
ASL,ASL Boston Solicitors,OL9 8BQ
ASL,ASL Boston Solicitors,PE21 6PL
ASL,ASL Boston Solicitors,PR1 1UN
ASL,ASL Boston Solicitors,PR1 8EL
ASL,ASL Boston Solicitors,PR2 1DJ
ASL,ASL Boston Solicitors,PR2 6NJ
ASL,ASL Boston Solicitors,PR2 6PG
ASL,ASL Boston Solicitors,PR2 8AB
ASL,ASL Boston Solicitors,RG12 7ZG
ASL,ASL Boston Solicitors,RH1 2LB
ASL,ASL Boston Solicitors,RH13 9GA
ASL,ASL Boston Solicitors,S13 8SB
ASL,ASL Boston Solicitors,SE18 3TR
ASL,ASL Boston Solicitors,SO15 4HU
ASL,ASL Boston Solicitors,SW17 0BQ
ASL,ASL Boston Solicitors,SW17 9JR
ASL,ASL Boston Solicitors,TW14 9RE
ASL,ASL Boston Solicitors,W5 5AW
ASL,ASL Boston Solicitors,WR11 2RG
ASL,ASL Boston Solicitors,YO23 2SP
ASLS,Affinity Seven Law Solicitors,OL12 9DB
AVI,Avisons Solicitors,B10 0EN
AVI,Avisons Solicitors,B10 9EH
AVI,Avisons Solicitors,B10 9JT
AVI,Avisons Solicitors,B10 9LP
AVI,Avisons Solicitors,B11 4HR
AVI,Avisons Solicitors,B12 9AD
AVI,Avisons Solicitors,B18 4PY
AVI,Avisons Solicitors,B19 1LA
AVI,Avisons Solicitors,B19 1NA
AVI,Avisons Solicitors,B19 2XB
AVI,Avisons Solicitors,B20 3PJ
AVI,Avisons Solicitors,B23 6EU
AVI,Avisons Solicitors,B25 8HF
AVI,Avisons Solicitors,B28 9AJ
AVI,Avisons Solicitors,B33 8RG
AVI,Avisons Solicitors,B34 6AN
AVI,Avisons Solicitors,B34 6BL
AVI,Avisons Solicitors,B44 8HN
AVI,Avisons Solicitors,B6 7AN
AVI,Avisons Solicitors,B66 3TF
AVI,Avisons Solicitors,B68 0LH
AVI,Avisons Solicitors,B69 1TX
AVI,Avisons Solicitors,B69 2HW
AVI,Avisons Solicitors,B70 8NL
AVI,Avisons Solicitors,B70 9UB
AVI,Avisons Solicitors,B75 7ED
AVI,Avisons Solicitors,B9 5NX
AVI,Avisons Solicitors,B9 5SX
AVI,Avisons Solicitors,B93 0LL
AVI,Avisons Solicitors,BL12 0LD
AVI,Avisons Solicitors,BN70 8NL
AVI,Avisons Solicitors,BS16 2PU
AVI,Avisons Solicitors,DY1 1JG
AVI,Avisons Solicitors,E6 1EA
AVI,Avisons Solicitors,LE5 6TJ
AVI,Avisons Solicitors,LS1 5QX
AVI,Avisons Solicitors,LS28 5RS
AVI,Avisons Solicitors,OX26 4LD
AVI,Avisons Solicitors,PO13 0SF
AVI,Avisons Solicitors,RM5 2NJ
AVI,Avisons Solicitors,WR4 9HD
AVI,Avisons Solicitors,WS10 0BJ
AVI,Avisons Solicitors,WS5 4JZ
AVI,Avisons Solicitors,WV14 6QY
AWS,Ashwood Solicitors,M21 0XX
AX,AX,FK7 7PX
AX,AX,G32 0TA
AX,AX,G5 8NB
AX,AX,ML3 0DW
AX,AX,ML5 4RP
AX,AX,PH1 3DZ
BAGHAEI,M Baghaei Ravari,B66 2QP
BAKER,Baker Hardman,G34 9AR
BC,Baker Coleman,BD8 0BH
BC,Baker Coleman,BS16 3QB
BC,Baker Coleman,DY2 7HD
BC,Baker Coleman,HD1 3SG
BC,Baker Coleman,HD1 4DX
BC,Baker Coleman,HD1 5AD
BC,Baker Coleman,HD1 5BS
BC,Baker Coleman,HD1 5DG
BC,Baker Coleman,HD1 6PW
BC,Baker Coleman,HD2 1BB
BC,Baker Coleman,HD2 1DL
BC,Baker Coleman,HD2 2BB
BC,Baker Coleman,HD2 2GB
BC,Baker Coleman,HD2 2TA
BC,Baker Coleman,HD3 3HT
BC,Baker Coleman,HD3 3XS
BC,Baker Coleman,HD4 5ET
BC,Baker Coleman,HD4 5QN
BC,Baker Coleman,HD4 5UH
BC,Baker Coleman,HD4 6NA
BC,Baker Coleman,HD5 8DY
BC,Baker Coleman,HD5 8NU
BC,Baker Coleman,HD5 9NT
BC,Baker Coleman,HD5 9SG
BC,Baker Coleman,HX3 9HG
BC,Baker Coleman,LE2 1DX
BLACK,BlackStone,B10 0ED
BLACK,BlackStone,B11 1TU
BLACK,BlackStone,B11 3AX
BLACK,BlackStone,B15 3GJ
BLACK,BlackStone,B19 2UY
BLACK,BlackStone,B20 3NG
BLACK,BlackStone,B24 0TL
BLACK,BlackStone,B26 1SE
BLACK,BlackStone,B36 9ER
BLACK,BlackStone,B5 6JX
BLACK,BlackStone,B67 6QR
BLACK,BlackStone,B8 1NS
BLACK,BlackStone,B8 3LD
BLACK,BlackStone,B8 3LW
BLACK,BlackStone,B92 7AE
BLACK,BlackStone,BD2 3RP
BLACK,BlackStone,BD3 0LA
BLACK,BlackStone,BD7 2BY
BLACK,BlackStone,BD8 0LN
BLACK,BlackStone,CV10 9GZ
BLACK,BlackStone,E12 5JE
BLACK,BlackStone,LE2 0GD
BLACK,BlackStone,LE2 2FB
BLACK,BlackStone,LE2 4EQ
BLACK,BlackStone,LE4 6EG
BLACK,BlackStone,LE5 0HW
BLACK,BlackStone,LE5 5EZ
BLACK,BlackStone,LE5 5FN
BLACK,BlackStone,LN2 4LD
BLACK,BlackStone,M18 7TH
BLACK,BlackStone,NE25 8RU
BLACK,BlackStone,NR3 1JW
BLACK,BlackStone,NR3 1LE
BLACK,BlackStone,NR4 6BG
BLACK,BlackStone,OL12 9SH
BLACK,BlackStone,OL16 2DF
BLACK,BlackStone,WS1 4HS
BLACK,BlackStone,WS10 0AZ
BLACK,BlackStone,WS10 7JB
BLACK,BlackStone,WS10 9QB
BLACK,BlackStone,WS2 9SL
BW,Burdward Solicitors,CH3 5NL
BW,Burdward Solicitors,CH41 4BL
BW,Burdward Solicitors,CH41 6LZ
BW,Burdward Solicitors,CH42 7JW
BW,Burdward Solicitors,CH43 4TN
BW,Burdward Solicitors,CH43 8TL
BW,Burdward Solicitors,CH44 0AU
BW,Burdward Solicitors,CH44 6LY
BW,Burdward Solicitors,CH44 6QN
BW,Burdward Solicitors,CH44 7LB
BW,Burdward Solicitors,CH45 0LY
BW,Burdward Solicitors,CH45 8LW
BW,Burdward Solicitors,CH46 3RA
BW,Burdward Solicitors,CH48 9YG
BW,Burdward Solicitors,CH5 1QJ
BW,Burdward Solicitors,CH5 3SN
BW,Burdward Solicitors,CH61 6AA
BW,Burdward Solicitors,CH62 1AX
BW,Burdward Solicitors,CH63 0LH
BW,Burdward Solicitors,CH64 3UJ
BW,Burdward Solicitors,CW11 2LS
BW,Burdward Solicitors,L11 5AU
BW,Burdward Solicitors,L15 2HW
BW,Burdward Solicitors,L19 3RJ
BW,Burdward Solicitors,L24 2ST
BW,Burdward Solicitors,L24 9NB
BW,Burdward Solicitors,L30 5QZ
BW,Burdward Solicitors,L7 0LD
BW,Burdward Solicitors,L7 6HY
BW,Burdward Solicitors,L8 8AP
BW,Burdward Solicitors,L8 8BT
BW,Burdward Solicitors,L9 3AN
BW,Burdward Solicitors,LL12 9YG
BW,Burdward Solicitors,PR9 0SF
CAPA,Capa Law Solicitors,L6 5JW
CAPA,Capa Law Solicitors,WA8 8QS
CCM,Crystal Claims Management,DY1 4RP
CCM,Crystal Claims Management,E13 0PT
CCM,Crystal Claims Management,SM4 6AR
CHAUS,Collision Haus,E1 0BW
CHAUS,Collision Haus,LU3 1LX
CRC,Car Repair Centre CRC Ltd,GU22 8ET
CRC,Car Repair Centre CRC Ltd,KT14 6EW
CRC,Car Repair Centre CRC Ltd,KT16 0EW
CS,Claim Specialists,LU4 8BY
CS,Claim Specialists,WR3 8NN
CW,Countrywide,EN19 1FB
CW,Countrywide,L36 3SA
CW,Countrywide,L36 7TX
CW,Countrywide,NE11 0PZ
CW,Countrywide,SY23 4NZ
DEE,,CH5 1SU
DEMO,,M19 2DY
DFD,"DFD (Richard or Joshua)
Also Car Claims",CH2 4EH
DFD,"DFD (Richard or Joshua)
Also Car Claims",CH41 3NX
DFD,"DFD (Richard or Joshua)
Also Car Claims",CH41 8AF
DFD,"DFD (Richard or Joshua)
Also Car Claims",CH41 8JJ
DFD,"DFD (Richard or Joshua)
Also Car Claims",CH42 1LB
DFD,"DFD (Richard or Joshua)
Also Car Claims",CH42 1NY
DFD,"DFD (Richard or Joshua)
Also Car Claims",CH42 2BX
DFD,"DFD (Richard or Joshua)
Also Car Claims",CH42 3XT
DFD,"DFD (Richard or Joshua)
Also Car Claims",CH42 6RQ
DFD,"DFD (Richard or Joshua)
Also Car Claims",CH43 1PS
DFD,"DFD (Richard or Joshua)
Also Car Claims",CH43 2JZ
DFD,"DFD (Richard or Joshua)
Also Car Claims",CH43 3DU
DFD,"DFD (Richard or Joshua)
Also Car Claims",CH43 5UF
DFD,"DFD (Richard or Joshua)
Also Car Claims",CH44 1BB
DFD,"DFD (Richard or Joshua)
Also Car Claims",CH44 6JQ
DFD,"DFD (Richard or Joshua)
Also Car Claims",CH44 9BJ
DFD,"DFD (Richard or Joshua)
Also Car Claims",CH45 4RG
DFD,"DFD (Richard or Joshua)
Also Car Claims",CH45 5HP
DFD,"DFD (Richard or Joshua)
Also Car Claims",CH45 5JA
DFD,"DFD (Richard or Joshua)
Also Car Claims",CH45 8JD
DFD,"DFD (Richard or Joshua)
Also Car Claims",CH45 8LW
DFD,"DFD (Richard or Joshua)
Also Car Claims",CH46 0TP
DFD,"DFD (Richard or Joshua)
Also Car Claims",CH46 1PD
DFD,"DFD (Richard or Joshua)
Also Car Claims",CH46 3RQ
DFD,"DFD (Richard or Joshua)
Also Car Claims",CH46 3ST
DFD,"DFD (Richard or Joshua)
Also Car Claims",CH46 9PP
DFD,"DFD (Richard or Joshua)
Also Car Claims",CH46 9PY
DFD,"DFD (Richard or Joshua)
Also Car Claims",CH46 9QE
DFD,"DFD (Richard or Joshua)
Also Car Claims",CH47 6AH
DFD,"DFD (Richard or Joshua)
Also Car Claims",CH47 7AZ
DFD,"DFD (Richard or Joshua)
Also Car Claims",CH48 1NE
DFD,"DFD (Richard or Joshua)
Also Car Claims",CH48 7EN
DFD,"DFD (Richard or Joshua)
Also Car Claims",CH48 9UX
DFD,"DFD (Richard or Joshua)
Also Car Claims",CH49 8HX
DFD,"DFD (Richard or Joshua)
Also Car Claims",CH49 9AW
DFD,"DFD (Richard or Joshua)
Also Car Claims",CH61 8SU
DFD,"DFD (Richard or Joshua)
Also Car Claims",CH62 6AA
DFD,"DFD (Richard or Joshua)
Also Car Claims",CH62 7BT
DFD,"DFD (Richard or Joshua)
Also Car Claims",CH62 7DW
DFD,"DFD (Richard or Joshua)
Also Car Claims",CH63 8QT
DFD,"DFD (Richard or Joshua)
Also Car Claims",CH64 3RW
DFD,"DFD (Richard or Joshua)
Also Car Claims",CV2 2BE
DFD,"DFD (Richard or Joshua)
Also Car Claims",CW7 4DZ
DFD,"DFD (Richard or Joshua)
Also Car Claims",DY8 7PA
DFD,"DFD (Richard or Joshua)
Also Car Claims",E13 0RE
DFD,"DFD (Richard or Joshua)
Also Car Claims",E4 9HL
DFD,"DFD (Richard or Joshua)
Also Car Claims",G41 1AA
DFD,"DFD (Richard or Joshua)
Also Car Claims",L13 7DL
DFD,"DFD (Richard or Joshua)
Also Car Claims",L14 6TW
DFD,"DFD (Richard or Joshua)
Also Car Claims",L3 2XS
DFD,"DFD (Richard or Joshua)
Also Car Claims",L35 7JF
DFD,"DFD (Richard or Joshua)
Also Car Claims",L6 9AB
DFD,"DFD (Richard or Joshua)
Also Car Claims",LL18 1LE
DFD,"DFD (Richard or Joshua)
Also Car Claims",LL19 7TR
DFD,"DFD (Richard or Joshua)
Also Car Claims",LU3 3FQ
DFD,"DFD (Richard or Joshua)
Also Car Claims",LU4 0HX
DFD,"DFD (Richard or Joshua)
Also Car Claims",LU4 8LU
DFD,"DFD (Richard or Joshua)
Also Car Claims",M19 2AQ
DFD,"DFD (Richard or Joshua)
Also Car Claims",M19 3QA
DFD,"DFD (Richard or Joshua)
Also Car Claims",MK6 2EJ
DFD,"DFD (Richard or Joshua)
Also Car Claims",NW10 8UD
DFD,"DFD (Richard or Joshua)
Also Car Claims",NW9 5EP
DFD,"DFD (Richard or Joshua)
Also Car Claims",NW9 7BD
DFD,"DFD (Richard or Joshua)
Also Car Claims",RG41 5RU
DFD,"DFD (Richard or Joshua)
Also Car Claims",SS0 9EP
DFD,"DFD (Richard or Joshua)
Also Car Claims",UB1 1PH
DFD,"DFD (Richard or Joshua)
Also Car Claims",WA5 3GX
DFD,"DFD (Richard or Joshua)
Also Car Claims",WA5 7YU
DFD,"DFD (Richard or Joshua)
Also Car Claims",WD17 2AA
DFD,"DFD (Richard or Joshua)
Also Car Claims",WD17 2QN
DFD,"DFD (Richard or Joshua)
Also Car Claims",WD18 0AH
DFD,"DFD (Richard or Joshua)
Also Car Claims",WD18 6JD
DFD,"DFD (Richard or Joshua)
Also Car Claims",WD18 6JY
DFD,"DFD (Richard or Joshua)
Also Car Claims",WD18 6LD
DFD,"DFD (Richard or Joshua)
Also Car Claims",WD18 6NU
DFD,"DFD (Richard or Joshua)
Also Car Claims",WD18 7DD
DFD,"DFD (Richard or Joshua)
Also Car Claims",WD18 7DP
DFD,"DFD (Richard or Joshua)
Also Car Claims",WD18 7PD
DFD,"DFD (Richard or Joshua)
Also Car Claims",WD18 7PG
DFD,"DFD (Richard or Joshua)
Also Car Claims",WD18 7RU
DFD,"DFD (Richard or Joshua)
Also Car Claims",WD24 4GY
DFD,"DFD (Richard or Joshua)
Also Car Claims",WD24 4GZ
DFD,"DFD (Richard or Joshua)
Also Car Claims",WD24 5AW
DFD,"DFD (Richard or Joshua)
Also Car Claims",WD24 5JD
DFD,"DFD (Richard or Joshua)
Also Car Claims",WD24 5JH
DFD,"DFD (Richard or Joshua)
Also Car Claims",WD24 5LN
DFD,"DFD (Richard or Joshua)
Also Car Claims",WD24 6SX
DFD,"DFD (Richard or Joshua)
Also Car Claims",WD25 0AQ
DFD,"DFD (Richard or Joshua)
Also Car Claims",WD25 0BL
DFD,"DFD (Richard or Joshua)
Also Car Claims",WD25 7AX
DFD,"DFD (Richard or Joshua)
Also Car Claims",WD25 8JS
DFD,"DFD (Richard or Joshua)
Also Car Claims",WD25 9SR
DGM,DGM Solicitors,B5 6AY
DIN,Din Solicitors,N1 0AB
ECH,Equity Car Hire,M28 3QJ
ECP,The Ellen Court Partnership,PR2 6FP
ELENA,Elena Manukyan Flat,M1 6NE
EMPIRE,Empire NW One Ltd,OL2 6HW
ESP,Easthams Solicitors Ltd,B10 0NR
ESP,Easthams Solicitors Ltd,B10 0UF
ESP,Easthams Solicitors Ltd,B10 0XA
ESP,Easthams Solicitors Ltd,B10 0XE
ESP,Easthams Solicitors Ltd,B10 9PT
ESP,Easthams Solicitors Ltd,B19 1AY
ESP,Easthams Solicitors Ltd,B66 4PY
ESP,Easthams Solicitors Ltd,B8 1LN
ESP,Easthams Solicitors Ltd,E1 5LH
ESP,Easthams Solicitors Ltd,E12 5JN
ESP,Easthams Solicitors Ltd,E14 9BW
ESP,Easthams Solicitors Ltd,E6 3JP
ESP,Easthams Solicitors Ltd,E6 3NR
ESP,Easthams Solicitors Ltd,E6 6HG
ESP,Easthams Solicitors Ltd,EN3 7HG
ESP,Easthams Solicitors Ltd,HA1 3BQ
ESP,Easthams Solicitors Ltd,HA2 0TW
ESP,Easthams Solicitors Ltd,HA2 7BT
ESP,Easthams Solicitors Ltd,HA2 9BP
ESP,Easthams Solicitors Ltd,HA3 6AU
ESP,Easthams Solicitors Ltd,HA3 7AF
ESP,Easthams Solicitors Ltd,HA3 8NB
ESP,Easthams Solicitors Ltd,HA4 0RJ
ESP,Easthams Solicitors Ltd,IG1 1PE
ESP,Easthams Solicitors Ltd,IG1 2JH
ESP,Easthams Solicitors Ltd,IG11 0QE
ESP,Easthams Solicitors Ltd,IG5 0FG
ESP,Easthams Solicitors Ltd,LE3 9NA
ESP,Easthams Solicitors Ltd,ME1 7DQ
ESP,Easthams Solicitors Ltd,NG3 3NL
ESP,Easthams Solicitors Ltd,NW5 3EX
ESP,Easthams Solicitors Ltd,NW9 0UN
ESP,Easthams Solicitors Ltd,NW9 5JS
ESP,Easthams Solicitors Ltd,RM17 6DL
ESP,Easthams Solicitors Ltd,RM6 5HX
ESP,Easthams Solicitors Ltd,RM7 0XD
ESP,Easthams Solicitors Ltd,SE17 3EW
ESP,Easthams Solicitors Ltd,SL1 5AX
ESP,Easthams Solicitors Ltd,SL2 5XE
ESP,Easthams Solicitors Ltd,UB4 8DZ
ESP,Easthams Solicitors Ltd,WD25 8HE
FA,Fort Assist Digbeth Court Business,B10 0NJ
FA,Fort Assist Digbeth Court Business,B10 9DG
FA,Fort Assist Digbeth Court Business,B11 1DQ
FA,Fort Assist Digbeth Court Business,B11 1LP
FA,Fort Assist Digbeth Court Business,B11 4EJ
FA,Fort Assist Digbeth Court Business,B11 4JH
FA,Fort Assist Digbeth Court Business,B20 3DY
FA,Fort Assist Digbeth Court Business,B24 8JT
FA,Fort Assist Digbeth Court Business,B27 6HA
FA,Fort Assist Digbeth Court Business,B28 8NT
FA,Fort Assist Digbeth Court Business,B33 8QT
FA,Fort Assist Digbeth Court Business,B33 9NP
FA,Fort Assist Digbeth Court Business,B37 7HE
FA,Fort Assist Digbeth Court Business,B5 7PH
FA,Fort Assist Digbeth Court Business,B6 6AT
FA,Fort Assist Digbeth Court Business,B66 2BA
FA,Fort Assist Digbeth Court Business,B66 3DB
FA,Fort Assist Digbeth Court Business,B7 4PQ
FA,Fort Assist Digbeth Court Business,B8 3LL
FA,Fort Assist Digbeth Court Business,B8 3RU
FA,Fort Assist Digbeth Court Business,B9 4ER
FA,Fort Assist Digbeth Court Business,B9 5RB
FA,Fort Assist Digbeth Court Business,B9 5XT
FA,Fort Assist Digbeth Court Business,B90 1UH
FA,Fort Assist Digbeth Court Business,B90 2ET
FA,Fort Assist Digbeth Court Business,BS16 2FF
FA,Fort Assist Digbeth Court Business,CV5 7GW
FA,Fort Assist Digbeth Court Business,HP19 7RE
FA,Fort Assist Digbeth Court Business,HP20 2PA
FA,Fort Assist Digbeth Court Business,LE11 5HL
FA,Fort Assist Digbeth Court Business,N7 7JL
FA,Fort Assist Digbeth Court Business,OX16 4SD
FA,Fort Assist Digbeth Court Business,WF13 3DR
FA,Fort Assist Digbeth Court Business,WS1 3AJ
FA,Fort Assist Digbeth Court Business,WV10 7EL
FA,Fort Assist Digbeth Court Business,WV6 9LB
FL,Forseti Law Office,E6 2AB
FL,Forseti Law Office,PR1 5EJ
FOCUS,Focus UK One Ltd,OL1 3LA
FR,Fountain Rentals Ltd,CH5 1SU
FW,Fairway Solicitors,B10 0QJ
FW,Fairway Solicitors,B10 9QY
FW,Fairway Solicitors,B11 4QF
FW,Fairway Solicitors,B11 4SE
FW,Fairway Solicitors,B12 8QZ
FW,Fairway Solicitors,B12 8TD
FW,Fairway Solicitors,B17 6JA
FW,Fairway Solicitors,B26 3QD
FW,Fairway Solicitors,B27 0UW
FW,Fairway Solicitors,B34 6TQ
FW,Fairway Solicitors,B66 3TX
FW,Fairway Solicitors,B72 8HY
FW,Fairway Solicitors,B9 4SU
FW,Fairway Solicitors,B9 5DP
FW,Fairway Solicitors,BJ5 6JS
FW,Fairway Solicitors,CT2 7PN
FW,Fairway Solicitors,E7 9LR
FW,Fairway Solicitors,EN1 1XX
FW,Fairway Solicitors,EN3 4FS
FW,Fairway Solicitors,GU21 3RN
FW,Fairway Solicitors,HA4 8EQ
FW,Fairway Solicitors,HA9 7AX
FW,Fairway Solicitors,LE2 1AD
FW,Fairway Solicitors,LE4 9ED
FW,Fairway Solicitors,M6 5BU
FW,Fairway Solicitors,N22 8PL
FW,Fairway Solicitors,SW11 3SX
FW,Fairway Solicitors,TW16 7EL
FW,Fairway Solicitors,WF17 7DY
FW,Fairway Solicitors,WV1 1NT
FWP,Fairwoods Solicitors,BB1 7HA
FWP,Fairwoods Solicitors,LL12 9RG
FWP,Fairwoods Solicitors,N1 0SQ
FWP,Fairwoods Solicitors,N4 4PD
GAC,.,B70 8NS
GAC,.,CV6 7BL
GG,Graham Coffey (GGP),B16 0AR
GG,Graham Coffey (GGP),B19 2AG
GG,Graham Coffey (GGP),B19 3XB
GG,Graham Coffey (GGP),B19 7HB
GG,Graham Coffey (GGP),B20 1AJ
GG,Graham Coffey (GGP),B20 1EF
GG,Graham Coffey (GGP),B20 1HA
GG,Graham Coffey (GGP),B20 2DS
GG,Graham Coffey (GGP),B21 0RL
GG,Graham Coffey (GGP),B21 0SN
GG,Graham Coffey (GGP),B21 9JD
GG,Graham Coffey (GGP),B23 5BG
GG,Graham Coffey (GGP),B23 6EU
GG,Graham Coffey (GGP),B23 6HG
GG,Graham Coffey (GGP),B23 6PS
GG,Graham Coffey (GGP),B23 7LR
GG,Graham Coffey (GGP),B23 7TJ
GG,Graham Coffey (GGP),B24 8HT
GG,Graham Coffey (GGP),B24 8LE
GG,Graham Coffey (GGP),B24 8RB
GG,Graham Coffey (GGP),B25 8QJ
GG,Graham Coffey (GGP),B26 1BY
GG,Graham Coffey (GGP),B29 5XD
GG,Graham Coffey (GGP),B31 3TQ
GG,Graham Coffey (GGP),B33 0RP
GG,Graham Coffey (GGP),B33 0SL
GG,Graham Coffey (GGP),B33 8EP
GG,Graham Coffey (GGP),B34 6ER
GG,Graham Coffey (GGP),B42 1LR
GG,Graham Coffey (GGP),B42 2JA
GG,Graham Coffey (GGP),B44 0ST
GG,Graham Coffey (GGP),B44 0TP
GG,Graham Coffey (GGP),B44 8AX
GG,Graham Coffey (GGP),B62 8JN
GG,Graham Coffey (GGP),B65 9EH
GG,Graham Coffey (GGP),B65 9PB
GG,Graham Coffey (GGP),B66 2BY
GG,Graham Coffey (GGP),B66 3NQ
GG,Graham Coffey (GGP),B66 4DU
GG,Graham Coffey (GGP),B67 6DZ
GG,Graham Coffey (GGP),B67 7LQ
GG,Graham Coffey (GGP),B68 8PY
GG,Graham Coffey (GGP),B68 8ST
GG,Graham Coffey (GGP),B68 9NQ
GG,Graham Coffey (GGP),B69 2HP
GG,Graham Coffey (GGP),B69 2NY
GG,Graham Coffey (GGP),B69 3HJ
GG,Graham Coffey (GGP),B7 4PA
GG,Graham Coffey (GGP),B70 0QP
GG,Graham Coffey (GGP),B70 0TX
GG,Graham Coffey (GGP),B70 7QY
GG,Graham Coffey (GGP),B70 8EF
GG,Graham Coffey (GGP),B70 8EX
GG,Graham Coffey (GGP),B70 8LN
GG,Graham Coffey (GGP),B70 9PW
GG,Graham Coffey (GGP),B70 9TX
GG,Graham Coffey (GGP),B71 1AT
GG,Graham Coffey (GGP),B71 2NX
GG,Graham Coffey (GGP),B71 3JQ
GG,Graham Coffey (GGP),B71 3PE
GG,Graham Coffey (GGP),B71 3PN
GG,Graham Coffey (GGP),B75 7RB
GG,Graham Coffey (GGP),B77 2DS
GG,Graham Coffey (GGP),B77 4EB
GG,Graham Coffey (GGP),B79 7JA
GG,Graham Coffey (GGP),B8 2NE
GG,Graham Coffey (GGP),B8 3ES
GG,Graham Coffey (GGP),B80 7AJ
GG,Graham Coffey (GGP),B9 4PQ
GG,Graham Coffey (GGP),B91 2ND
GG,Graham Coffey (GGP),B98 0LG
GG,Graham Coffey (GGP),B98 0NW
GG,Graham Coffey (GGP),B98 0PD
GG,Graham Coffey (GGP),B98 0SU
GG,Graham Coffey (GGP),B98 7RD
GG,Graham Coffey (GGP),BB11 3BA
GG,Graham Coffey (GGP),BB5 6PN
GG,Graham Coffey (GGP),BB9 0NP
GG,Graham Coffey (GGP),BB9 5LE
GG,Graham Coffey (GGP),BD10 0QA
GG,Graham Coffey (GGP),BD2 3PR
GG,Graham Coffey (GGP),BD2 4NU
GG,Graham Coffey (GGP),BD3 8JX
GG,Graham Coffey (GGP),BD5 8DW
GG,Graham Coffey (GGP),BD5 8QB
GG,Graham Coffey (GGP),BD5 9QA
GG,Graham Coffey (GGP),BD7 3HZ
GG,Graham Coffey (GGP),BD8 8PJ
GG,Graham Coffey (GGP),BL0 9US
GG,Graham Coffey (GGP),BL1 1PQ
GG,Graham Coffey (GGP),BL1 2EH
GG,Graham Coffey (GGP),BL1 2JH
GG,Graham Coffey (GGP),BL1 3DB
GG,Graham Coffey (GGP),BL1 3HF
GG,Graham Coffey (GGP),BL1 4BP
GG,Graham Coffey (GGP),BL1 4LJ
GG,Graham Coffey (GGP),BL1 5LH
GG,Graham Coffey (GGP),BL1 6ER
GG,Graham Coffey (GGP),BL1 6PW
GG,Graham Coffey (GGP),BL1 7BW
GG,Graham Coffey (GGP),BL1 8RR
GG,Graham Coffey (GGP),BL2 2QY
GG,Graham Coffey (GGP),BL3 3QR
GG,Graham Coffey (GGP),BL3 3TA
GG,Graham Coffey (GGP),BL3 5DL
GG,Graham Coffey (GGP),BL7 9YW
GG,Graham Coffey (GGP),BL8 1DP
GG,Graham Coffey (GGP),BL8 1ES
GG,Graham Coffey (GGP),BL8 1QE
GG,Graham Coffey (GGP),BL8 2BE
GG,Graham Coffey (GGP),BL8 2DU
GG,Graham Coffey (GGP),BL8 2NQ
GG,Graham Coffey (GGP),BL9 0JA
GG,Graham Coffey (GGP),BL9 0NJ
GG,Graham Coffey (GGP),BL9 0RS
GG,Graham Coffey (GGP),BL9 0RX
GG,Graham Coffey (GGP),BL9 0TA
GG,Graham Coffey (GGP),BL9 5AR
GG,Graham Coffey (GGP),BL9 5AW
GG,Graham Coffey (GGP),BL9 5BJ
GG,Graham Coffey (GGP),BL9 5DZ
GG,Graham Coffey (GGP),BL9 6DY
GG,Graham Coffey (GGP),BL9 6LL
GG,Graham Coffey (GGP),BL9 6LT
GG,Graham Coffey (GGP),BL9 6LY
GG,Graham Coffey (GGP),BL9 6QS
GG,Graham Coffey (GGP),BL9 7BU
GG,Graham Coffey (GGP),BL9 7DB
GG,Graham Coffey (GGP),BL9 7EA
GG,Graham Coffey (GGP),BL9 7EH
GG,Graham Coffey (GGP),BL9 7EP
GG,Graham Coffey (GGP),BL9 7ER
GG,Graham Coffey (GGP),BL9 7EY
GG,Graham Coffey (GGP),BL9 7HE
GG,Graham Coffey (GGP),BL9 7HF
GG,Graham Coffey (GGP),BL9 7HG
GG,Graham Coffey (GGP),BL9 7HQ
GG,Graham Coffey (GGP),BL9 7NB
GG,Graham Coffey (GGP),BL9 8QZ
GG,Graham Coffey (GGP),BL9 9AF
GG,Graham Coffey (GGP),BL9 9AG
GG,Graham Coffey (GGP),BL9 9AL
GG,Graham Coffey (GGP),BL9 9AQ
GG,Graham Coffey (GGP),BL9 9AT
GG,Graham Coffey (GGP),BL9 9AW
GG,Graham Coffey (GGP),BL9 9BJ
GG,Graham Coffey (GGP),BL9 9EA
GG,Graham Coffey (GGP),BL9 9GD
GG,Graham Coffey (GGP),BL9 9GE
GG,Graham Coffey (GGP),BL9 9GF
GG,Graham Coffey (GGP),BL9 9GR
GG,Graham Coffey (GGP),BL9 9HS
GG,Graham Coffey (GGP),BL9 9HT
GG,Graham Coffey (GGP),BL9 9JY
GG,Graham Coffey (GGP),BL9 9TE
GG,Graham Coffey (GGP),BR6 7GZ
GG,Graham Coffey (GGP),CF44 0YE
GG,Graham Coffey (GGP),CF48 4DR
GG,Graham Coffey (GGP),CH7 2EY
GG,Graham Coffey (GGP),CR4 2DW
GG,Graham Coffey (GGP),CR4 4DF
GG,Graham Coffey (GGP),CT1 1EU
GG,Graham Coffey (GGP),CT2 8PZ
GG,Graham Coffey (GGP),CV12 8NW
GG,Graham Coffey (GGP),CV2 1HA
GG,Graham Coffey (GGP),CV2 2BF
GG,Graham Coffey (GGP),CV2 3FX
GG,Graham Coffey (GGP),CV21 3AH
GG,Graham Coffey (GGP),CV3 1BS
GG,Graham Coffey (GGP),CV3 2HU
GG,Graham Coffey (GGP),CV6 7NB
GG,Graham Coffey (GGP),CW9 6GB
GG,Graham Coffey (GGP),DA12 4HW
GG,Graham Coffey (GGP),DA7 4PX
GG,Graham Coffey (GGP),DE14 3PS
GG,Graham Coffey (GGP),DE21 4QN
GG,Graham Coffey (GGP),DE23 6RW
GG,Graham Coffey (GGP),DL14 9SR
GG,Graham Coffey (GGP),DN17 2JS
GG,Graham Coffey (GGP),DY1 1JE
GG,Graham Coffey (GGP),DY1 2DL
GG,Graham Coffey (GGP),DY1 2NL
GG,Graham Coffey (GGP),DY1 3EL
GG,Graham Coffey (GGP),DY11 6NN
GG,Graham Coffey (GGP),DY2 0UQ
GG,Graham Coffey (GGP),DY2 7LZ
GG,Graham Coffey (GGP),DY2 7NX
GG,Graham Coffey (GGP),DY2 9AD
GG,Graham Coffey (GGP),DY3 2BD
GG,Graham Coffey (GGP),DY4 0JE
GG,Graham Coffey (GGP),DY4 0XS
GG,Graham Coffey (GGP),DY4 7NY
GG,Graham Coffey (GGP),DY4 7QJ
GG,Graham Coffey (GGP),DY4 9JU
GG,Graham Coffey (GGP),DY4 9NN
GG,Graham Coffey (GGP),DY4 9RZ
GG,Graham Coffey (GGP),DY6 8NF
GG,Graham Coffey (GGP),E10 5LR
GG,Graham Coffey (GGP),E10 6QD
GG,Graham Coffey (GGP),E11 3NH
GG,Graham Coffey (GGP),E14 3NE
GG,Graham Coffey (GGP),E17 3JB
GG,Graham Coffey (GGP),E17 8HY
GG,Graham Coffey (GGP),E17 9RB
GG,Graham Coffey (GGP),E4 8HW
GG,Graham Coffey (GGP),GL1 4JW
GG,Graham Coffey (GGP),GL4 6HA
GG,Graham Coffey (GGP),GU12 4LE
GG,Graham Coffey (GGP),HA0 2JH
GG,Graham Coffey (GGP),HD1 4QN
GG,Graham Coffey (GGP),HD1 5QJ
GG,Graham Coffey (GGP),HD2 2XT
GG,Graham Coffey (GGP),IG3 9JW
GG,Graham Coffey (GGP),IG5 0PZ
GG,Graham Coffey (GGP),IP1 6DA
GG,Graham Coffey (GGP),IP11 9EW
GG,Graham Coffey (GGP),KT20 5QD
GG,Graham Coffey (GGP),KT6 7PJ
GG,Graham Coffey (GGP),KY6 2JL
GG,Graham Coffey (GGP),L2 2DQ
GG,Graham Coffey (GGP),L21 6PH
GG,Graham Coffey (GGP),LE2 4LG
GG,Graham Coffey (GGP),LE2 6EL
GG,Graham Coffey (GGP),LE3 1EA
GG,Graham Coffey (GGP),LE4 0UA
GG,Graham Coffey (GGP),LE4 2WG
GG,Graham Coffey (GGP),LE5 5RE
GG,Graham Coffey (GGP),LE5 6SW
GG,Graham Coffey (GGP),LL13 0JX
GG,Graham Coffey (GGP),LL13 7AP
GG,Graham Coffey (GGP),LL13 8BT
GG,Graham Coffey (GGP),LL13 8DH
GG,Graham Coffey (GGP),LL13 8QX
GG,Graham Coffey (GGP),LL13 8TN
GG,Graham Coffey (GGP),LL13 9JT
GG,Graham Coffey (GGP),LU1 3EA
GG,Graham Coffey (GGP),LU1 5QD
GG,Graham Coffey (GGP),LU3 1RS
GG,Graham Coffey (GGP),LU3 1TS
GG,Graham Coffey (GGP),LU3 2PJ
GG,Graham Coffey (GGP),LU3 3RX
GG,Graham Coffey (GGP),LU5 6HR
GG,Graham Coffey (GGP),M1 2NG
GG,Graham Coffey (GGP),M1 3AY
GG,Graham Coffey (GGP),M12 4QN
GG,Graham Coffey (GGP),M12 6JS
GG,Graham Coffey (GGP),M12 6LP
GG,Graham Coffey (GGP),M14 5AE
GG,Graham Coffey (GGP),M14 5DH
GG,Graham Coffey (GGP),M15 4AN
GG,Graham Coffey (GGP),M15 5EG
GG,Graham Coffey (GGP),M15 5HR
GG,Graham Coffey (GGP),M16 7GY
GG,Graham Coffey (GGP),M17 1AY
GG,Graham Coffey (GGP),M17 1JT
GG,Graham Coffey (GGP),M18 7LN
GG,Graham Coffey (GGP),M18 7QA
GG,Graham Coffey (GGP),M19 1EE
GG,Graham Coffey (GGP),M19 2DH
GG,Graham Coffey (GGP),M19 2NQ
GG,Graham Coffey (GGP),M19 2WP
GG,Graham Coffey (GGP),M19 3HE
GG,Graham Coffey (GGP),M19 3QA
GG,Graham Coffey (GGP),M20 4TB
GG,Graham Coffey (GGP),M20 4XH
GG,Graham Coffey (GGP),M20 6FE
GG,Graham Coffey (GGP),M24 4LX
GG,Graham Coffey (GGP),M25 0DU
GG,Graham Coffey (GGP),M26 1QB
GG,Graham Coffey (GGP),M26 1RN
GG,Graham Coffey (GGP),M26 2RD
GG,Graham Coffey (GGP),M26 2YL
GG,Graham Coffey (GGP),M27 0JF
GG,Graham Coffey (GGP),M27 5TD
GG,Graham Coffey (GGP),M28 3PJ
GG,Graham Coffey (GGP),M33 2AA
GG,Graham Coffey (GGP),M34 5AU
GG,Graham Coffey (GGP),M35 9FH
GG,Graham Coffey (GGP),M40 7GF
GG,Graham Coffey (GGP),M45 8FH
GG,Graham Coffey (GGP),M5 5LR
GG,Graham Coffey (GGP),M50 2TH
GG,Graham Coffey (GGP),M8 0ND
GG,Graham Coffey (GGP),M8 0NQ
GG,Graham Coffey (GGP),M8 0PL
GG,Graham Coffey (GGP),M8 5BW
GG,Graham Coffey (GGP),M8 8FQ
GG,Graham Coffey (GGP),M8 8HF
GG,Graham Coffey (GGP),M9 0NL
GG,Graham Coffey (GGP),M9 4QG
GG,Graham Coffey (GGP),M9 8WQ
GG,Graham Coffey (GGP),MK40 4PE
GG,Graham Coffey (GGP),MK42 8LL
GG,Graham Coffey (GGP),NG17 2FF
GG,Graham Coffey (GGP),NG4 4AD
GG,Graham Coffey (GGP),NW9 5WB
GG,Graham Coffey (GGP),NW9 7EE
GG,Graham Coffey (GGP),OL1 3LA
GG,Graham Coffey (GGP),OL1 3PA
GG,Graham Coffey (GGP),OL1 3QR
GG,Graham Coffey (GGP),OL10 4UT
GG,Graham Coffey (GGP),OL11 1EF
GG,Graham Coffey (GGP),OL11 1PA
GG,Graham Coffey (GGP),OL11 2NN
GG,Graham Coffey (GGP),OL11 3QN
GG,Graham Coffey (GGP),OL11 4DJ
GG,Graham Coffey (GGP),OL11 4HY
GG,Graham Coffey (GGP),OL12 9RX
GG,Graham Coffey (GGP),OL16 1PZ
GG,Graham Coffey (GGP),OL16 2AU
GG,Graham Coffey (GGP),OL16 2ES
GG,Graham Coffey (GGP),OL16 2JS
GG,Graham Coffey (GGP),OL16 2TP
GG,Graham Coffey (GGP),OL2 6HQ
GG,Graham Coffey (GGP),OL2 8EW
GG,Graham Coffey (GGP),OL4 1AB
GG,Graham Coffey (GGP),OL4 1BN
GG,Graham Coffey (GGP),OL4 1BW
GG,Graham Coffey (GGP),OL4 1DN
GG,Graham Coffey (GGP),OL4 1QL
GG,Graham Coffey (GGP),OL4 1QP
GG,Graham Coffey (GGP),OL4 1QT
GG,Graham Coffey (GGP),OL4 1RF
GG,Graham Coffey (GGP),OL4 1SQ
GG,Graham Coffey (GGP),OL6 7BP
GG,Graham Coffey (GGP),OL6 7EY
GG,Graham Coffey (GGP),OL6 9QL
GG,Graham Coffey (GGP),OL7 0JP
GG,Graham Coffey (GGP),OL8 1EN
GG,Graham Coffey (GGP),OL8 1HB
GG,Graham Coffey (GGP),OL8 2JU
GG,Graham Coffey (GGP),OL8 2XD
GG,Graham Coffey (GGP),OL8 3DQ
GG,Graham Coffey (GGP),OL8 3SU
GG,Graham Coffey (GGP),OL8 4HH
GG,Graham Coffey (GGP),OL9 6HT
GG,Graham Coffey (GGP),OL9 7LH
GG,Graham Coffey (GGP),OL9 8NT
GG,Graham Coffey (GGP),OL9 8PJ
GG,Graham Coffey (GGP),OX16 1UG
GG,Graham Coffey (GGP),OX28 5NN
GG,Graham Coffey (GGP),PE14 0ST
GG,Graham Coffey (GGP),PE3 7LH
GG,Graham Coffey (GGP),PE3 8QQ
GG,Graham Coffey (GGP),PR4 0DD
GG,Graham Coffey (GGP),PR7 6JW
GG,Graham Coffey (GGP),RH10 9NT
GG,Graham Coffey (GGP),RM14 3PJ
GG,Graham Coffey (GGP),RM9 5TA
GG,Graham Coffey (GGP),S65 2HQ
GG,Graham Coffey (GGP),SA14 8SD
GG,Graham Coffey (GGP),SA15 3JQ
GG,Graham Coffey (GGP),SE8 4SF
GG,Graham Coffey (GGP),SK1 2JT
GG,Graham Coffey (GGP),SK4 2BW
GG,Graham Coffey (GGP),SK7 5AQ
GG,Graham Coffey (GGP),SK8 1JS
GG,Graham Coffey (GGP),SK8 2BX
GG,Graham Coffey (GGP),SK8 6HE
GG,Graham Coffey (GGP),SL1 9JX
GG,Graham Coffey (GGP),SM1 3HH
GG,Graham Coffey (GGP),SM4 6AE
GG,Graham Coffey (GGP),SM4 6ET
GG,Graham Coffey (GGP),SM5 1JP
GG,Graham Coffey (GGP),SN5 5UH
GG,Graham Coffey (GGP),SN5 8BU
GG,Graham Coffey (GGP),SO14 6GF
GG,Graham Coffey (GGP),SP11 6WX
GG,Graham Coffey (GGP),SS1 2DE
GG,Graham Coffey (GGP),ST16 3BZ
GG,Graham Coffey (GGP),ST3 5NA
GG,Graham Coffey (GGP),ST4 4DU
GG,Graham Coffey (GGP),SW15 4PA
GG,Graham Coffey (GGP),TW3 4JG
GG,Graham Coffey (GGP),TW5 9ET
GG,Graham Coffey (GGP),UB6 0BU
GG,Graham Coffey (GGP),UB6 0SZ
GG,Graham Coffey (GGP),W7 1LZ
GG,Graham Coffey (GGP),WA1 1PG
GG,Graham Coffey (GGP),WA12 8DE
GG,Graham Coffey (GGP),WA2 0HN
GG,Graham Coffey (GGP),WA7 3EQ
GG,Graham Coffey (GGP),WF10 3DY
GG,Graham Coffey (GGP),WF10 3HQ
GG,Graham Coffey (GGP),WF10 5QW
GG,Graham Coffey (GGP),WF8 2JP
GG,Graham Coffey (GGP),WN5 0UN
GG,Graham Coffey (GGP),WN6 0XQ
GG,Graham Coffey (GGP),WN7 2FW
GG,Graham Coffey (GGP),WR10 2PX
GG,Graham Coffey (GGP),WR11 2AQ
GG,Graham Coffey (GGP),WR11 2AU
GG,Graham Coffey (GGP),WR15 8LY
GG,Graham Coffey (GGP),WR9 8JU
GG,Graham Coffey (GGP),WS1 2LQ
GG,Graham Coffey (GGP),WS10 0GB
GG,Graham Coffey (GGP),WS10 0HH
GG,Graham Coffey (GGP),WS10 0QA
GG,Graham Coffey (GGP),WS10 0SS
GG,Graham Coffey (GGP),WS10 7DQ
GG,Graham Coffey (GGP),WS10 7SD
GG,Graham Coffey (GGP),WS10 8SS
GG,Graham Coffey (GGP),WS10 9TU
GG,Graham Coffey (GGP),WS2 0AJ
GG,Graham Coffey (GGP),WS2 0AY
GG,Graham Coffey (GGP),WS2 7BF
GG,Graham Coffey (GGP),WS2 9AT
GG,Graham Coffey (GGP),WS2 9NU
GG,Graham Coffey (GGP),WS3 1QH
GG,Graham Coffey (GGP),WS3 1RB
GG,Graham Coffey (GGP),WS3 1RQ
GG,Graham Coffey (GGP),WS3 1SP
GG,Graham Coffey (GGP),WS3 2UG
GG,Graham Coffey (GGP),WS3 3HT
GG,Graham Coffey (GGP),WS4 1JR
GG,Graham Coffey (GGP),WS5 4EA
GG,Graham Coffey (GGP),WS5 4PN
GG,Graham Coffey (GGP),WV1 1PX
GG,Graham Coffey (GGP),WV10 0HG
GG,Graham Coffey (GGP),WV10 0LQ
GG,Graham Coffey (GGP),WV10 0NF
GG,Graham Coffey (GGP),WV10 8HN
GG,Graham Coffey (GGP),WV10 8ND
GG,Graham Coffey (GGP),WV10 9AP
GG,Graham Coffey (GGP),WV14 0HT
GG,Graham Coffey (GGP),WV14 0LZ
GG,Graham Coffey (GGP),WV14 6AZ
GG,Graham Coffey (GGP),WV14 7JR
GG,Graham Coffey (GGP),WV14 8HZ
GG,Graham Coffey (GGP),WV14 8QB
GG,Graham Coffey (GGP),WV14 8QJ
GG,Graham Coffey (GGP),WV14 8TU
GG,Graham Coffey (GGP),WV14 8UX
GG,Graham Coffey (GGP),WV2 2BJ
GG,Graham Coffey (GGP),WV3 0QU
GG,Graham Coffey (GGP),WV4 5TN
GG,Graham Coffey (GGP),WV4 5TY
GG,Graham Coffey (GGP),WV6 0AX
GG,Graham Coffey (GGP),WV6 0TH
GRAHAMADAM,Graham Adams,OL12 0NB
GUARDIAN,Guardian Accident Claims,PA1 2QH
HANIFI,Mr Ahmad Hanifi,SL0 9HF
HINES,Malcolm Hines,HA8 0EJ
HLS,Hadid Law Solicitors,B20 2DS
HLS,Hadid Law Solicitors,B70 8EG
HLS,Hadid Law Solicitors,WS10 9BQ
HLS,Hadid Law Solicitors,WV11 1JY
HOW,FAO The Court C/o,E16 1UN
HOW,FAO The Court C/o,LL18 2AT
HOW,FAO The Court C/o,M13 0DH
HOW,FAO The Court C/o,M23 1UB
HOW,FAO The Court C/o,M23 9BT
HOW,FAO The Court C/o,M3 5FS
HOW,FAO The Court C/o,M30 0BG
HOW,FAO The Court C/o,N9 0FN
HOW,FAO The Court C/o,NG2 2NP
HOW,FAO The Court C/o,S9 1NL
HOW,FAO The Court C/o,SK15 1ER
HOW,FAO The Court C/o,SL2 5NY
HOW,FAO The Court C/o,ST16 1RL
HS,Hattons Solicitors Prudential Buildings,L35 2UE
HS,Hattons Solicitors Prudential Buildings,L35 5HQ
HS,Hattons Solicitors Prudential Buildings,WA10 2EF
HS,Hattons Solicitors Prudential Buildings,WA10 2PL
HS,Hattons Solicitors Prudential Buildings,WA10 3NY
HS,Hattons Solicitors Prudential Buildings,WA10 4EF
HS,Hattons Solicitors Prudential Buildings,WA10 4NY
HS,Hattons Solicitors Prudential Buildings,WA11 9AR
HS,Hattons Solicitors Prudential Buildings,WA9 1PQ
HS,Hattons Solicitors Prudential Buildings,WA9 3NH
HS,Hattons Solicitors Prudential Buildings,WA9 4NH
HSI,HSI Solutions Ltd Carbottom Road,BD5 9BP
HTU,HTU Assessors Ltd,DE23 6WW
HTU,HTU Assessors Ltd,DE23 8XJ
HTU,HTU Assessors Ltd,NG2 4EQ
HTU,HTU Assessors Ltd,NG3 7GN
HTU,HTU Assessors Ltd,WF13 3QH
HVL,Havard Law Solicitors,CH1 1RN
HVL,Havard Law Solicitors,CH41 0EB
HVL,Havard Law Solicitors,CH41 4HH
HVL,Havard Law Solicitors,CH41 7DH
HVL,Havard Law Solicitors,CH41 8BX
HVL,Havard Law Solicitors,CH42 0HS
HVL,Havard Law Solicitors,CH42 0JB
HVL,Havard Law Solicitors,CH42 0JH
HVL,Havard Law Solicitors,CH42 1NY
HVL,Havard Law Solicitors,CH42 2BX
HVL,Havard Law Solicitors,CH42 4NZ
HVL,Havard Law Solicitors,CH42 4PP
HVL,Havard Law Solicitors,CH42 7JW
HVL,Havard Law Solicitors,CH42 9LA
HVL,Havard Law Solicitors,CH43 3DU
HVL,Havard Law Solicitors,CH43 5XA
HVL,Havard Law Solicitors,CH44 0FD
HVL,Havard Law Solicitors,CH44 5TQ
HVL,Havard Law Solicitors,CH45 3NU
HVL,Havard Law Solicitors,CH49 2NP
HVL,Havard Law Solicitors,CH49 9AQ
HVL,Havard Law Solicitors,CH5 4AZ
HVL,Havard Law Solicitors,CH62 3RP
HVL,Havard Law Solicitors,CH62 9AN
HVL,Havard Law Solicitors,CH63 0NY
HVL,Havard Law Solicitors,CH65 7AB
HVL,Havard Law Solicitors,CH65 7AR
HVL,Havard Law Solicitors,CH66 3NT
HVL,Havard Law Solicitors,CM20 2JA
HVL,Havard Law Solicitors,CW7 3PD
HVL,Havard Law Solicitors,IG1 4AZ
HVL,Havard Law Solicitors,IP3 9PL
HVL,Havard Law Solicitors,L13 3AE
HVL,Havard Law Solicitors,L15 0HT
HVL,Havard Law Solicitors,L20 1AF
HVL,Havard Law Solicitors,L26 6BA
HVL,Havard Law Solicitors,L31 1BN
HVL,Havard Law Solicitors,L31 8AU
HVL,Havard Law Solicitors,L33 4EA
HVL,Havard Law Solicitors,L36 0UU
HVL,Havard Law Solicitors,L36 1XH
HVL,Havard Law Solicitors,L5 1TP
HVL,Havard Law Solicitors,L9 9HL
HVL,Havard Law Solicitors,LL17 0SB
HVL,Havard Law Solicitors,LL18 2DE
HVL,Havard Law Solicitors,LL18 4FB
HVL,Havard Law Solicitors,LL18 4NR
HVL,Havard Law Solicitors,LL19 7YE
HVL,Havard Law Solicitors,LL22 7BB
HVL,Havard Law Solicitors,M22 9UN
HVL,Havard Law Solicitors,M40 2XB
HVL,Havard Law Solicitors,OL16 2PS
HVL,Havard Law Solicitors,PR7 5QR
HVL,Havard Law Solicitors,SW18 1TE
HVL,Havard Law Solicitors,WA6 6RR
HVL,Havard Law Solicitors,WA6 7AF
HVL,Havard Law Solicitors,WA7 4UA
HVL,Havard Law Solicitors,WA7 6BD
HVL,Havard Law Solicitors,WA9 2JE
HVL,Havard Law Solicitors,WN8 6PF
HVL,Havard Law Solicitors,WR4 9ES
HVL,Havard Law Solicitors,WR5 1NX
IHLASMARZO,Ihlas Marzook,RH10 6AE
JALLEN,James Allen,CH65 2HQ
JAMES,James Orsich,CH41 1FD
JM,Jacob Miller Solicitors Unity House,B70 8EG
JM,Jacob Miller Solicitors Unity House,B70 8NS
JML,James Murray Solicitors,WA8 8XW
JORID,Mohammed Jorid London Road Windlesham,B18 5PB
JOSHBRAD,Josh Bradshaw,CH44 6NU
KBS,Knightsbridge (KBS),B11 2QE
KBS,Knightsbridge (KBS),B28 8AE
KBS,Knightsbridge (KBS),B33 8DE
KBS,Knightsbridge (KBS),B33 9AL
KBS,Knightsbridge (KBS),B34 6AG
KBS,Knightsbridge (KBS),B34 6DB
KBS,Knightsbridge (KBS),B36 9AQ
KBS,Knightsbridge (KBS),B66 2BY
KBS,Knightsbridge (KBS),B66 2QP
KBS,Knightsbridge (KBS),B66 2RL
KBS,Knightsbridge (KBS),B66 4EY
KBS,Knightsbridge (KBS),B67 7NY
KBS,Knightsbridge (KBS),B70 0EZ
KBS,Knightsbridge (KBS),B70 7JF
KBS,Knightsbridge (KBS),B70 7QY
KBS,Knightsbridge (KBS),B71 3PR
KBS,Knightsbridge (KBS),B77 4RP
KBS,Knightsbridge (KBS),B8 2HB
KBS,Knightsbridge (KBS),B9 4TS
KBS,Knightsbridge (KBS),B9 5DS
KBS,Knightsbridge (KBS),B9 5JU
KBS,Knightsbridge (KBS),B90 4NR
KBS,Knightsbridge (KBS),DY2 7DU
KBS,Knightsbridge (KBS),DY5 3HX
KBS,Knightsbridge (KBS),DY5 3HY
KBS,Knightsbridge (KBS),SK14 5NU
KBS,Knightsbridge (KBS),ST1 4BN
KBS,Knightsbridge (KBS),ST6 3EX
KBS,Knightsbridge (KBS),TS4 2ES
KBS,Knightsbridge (KBS),TS5 5EP
KBS,Knightsbridge (KBS),TS6 6SR
KBS,Knightsbridge (KBS),UB2 4DL
KBS,Knightsbridge (KBS),WS10 0DQ
KBS,Knightsbridge (KBS),WS10 7DQ
KBS,Knightsbridge (KBS),WS2 7RL
KBS,Knightsbridge (KBS),WS2 9SL
KBS,Knightsbridge (KBS),WS3 3HA
KBS,Knightsbridge (KBS),WV10 0HH
KBS,Knightsbridge (KBS),WV14 9UG
KERR,Kerr Brown Partnership,EH11 1BB
KERR,Kerr Brown Partnership,EH21 7PQ
KERR,Kerr Brown Partnership,EH23 4HX
KERR,Kerr Brown Partnership,G32 8RG
KERR,Kerr Brown Partnership,KA8 8AD
KERR,Kerr Brown Partnership,KY8 5BY
KERR,Kerr Brown Partnership,ML5 2BX
KERR,Kerr Brown Partnership,ML5 4RP
KERR,Kerr Brown Partnership,ML6 8RJ
KERR,Kerr Brown Partnership,PA14 5DG
KERR,Kerr Brown Partnership,PA14 5EF
KERR,Kerr Brown Partnership,PA15 4RN
KERR,Kerr Brown Partnership,PA15 4TW
KERR,Kerr Brown Partnership,PA31 8RB
KMR,KMR,M1 3HY
KMR,KMR,M13 9GQ
KMR,KMR,M6 6AQ
KMR,KMR,M90 1QX
KNIGHT,Knights Bridge Solicitors,WS2 9SL
KUDOS,Kudos Legal Solicitors Lytham Road,RG10 9UR
KWIATKOWSK,Adam Kwiatkowski Penda Close Luton,LU33 3UT
KWS,Kirwans Solicitors,CH42 5LP
KWS,Kirwans Solicitors,CH42 7LD
KWS,Kirwans Solicitors,CH43 3BN
KWS,Kirwans Solicitors,CH44 3BW
KWS,Kirwans Solicitors,CH45 6UA
KWS,Kirwans Solicitors,CH48 5DZ
KWS,Kirwans Solicitors,CH49 4LX
KWS,Kirwans Solicitors,CH61 9QN
KWS,Kirwans Solicitors,CH7 2EF
KWS,Kirwans Solicitors,L19 1RQ
KWS,Kirwans Solicitors,WA7 2QX
LEG,Legate Group Ltd,L3 7DT
LEIGH,Leigh Day Central Park Northampton,LU3 3JX
LEX,LEX Solicitors,M12 4AH
LEX,LEX Solicitors,OL1 4HY
LPS,LPS Solicitors,RG10 9UR
LPS,LPS Solicitors,RH17 5HN
LSU,LSU Vehicle Solutions Ltd,CH41 8BQ
MAC,Macaskills Solicitors,CH64 6RW
MAGIC,Magic Autos Wellfield Road Hatfield,AL10 0BS
MAR,Marsdens Solicitors,B12 0LD
MAR,Marsdens Solicitors,B19 2ER
MAR,Marsdens Solicitors,B20 3RW
MAR,Marsdens Solicitors,B28 0AX
MAR,Marsdens Solicitors,B34 7JP
MAR,Marsdens Solicitors,DY4 0LU
MAR,Marsdens Solicitors,HP12 3BP
MAR,Marsdens Solicitors,HP5 3BP
MAYFAIR,Mayfair Repair Centre Ltd,E6 2AS
MBH,MBH Solicitors,CV3 2HU
MBH,MBH Solicitors,FY1 4AG
MBH,MBH Solicitors,M14 3QA
MBH,MBH Solicitors,M19 2EX
MBH,MBH Solicitors,M19 3PQ
MEL,Mellor Solicitors Post Office Building,B18 5RT
MEL,Mellor Solicitors Post Office Building,B28 8DS
MEL,Mellor Solicitors Post Office Building,B29 6BU
MEL,Mellor Solicitors Post Office Building,BL6 4TW
MEL,Mellor Solicitors Post Office Building,CR0 4HD
MEL,Mellor Solicitors Post Office Building,CR0 9DR
MEL,Mellor Solicitors Post Office Building,CR2 6JA
MEL,Mellor Solicitors Post Office Building,CR3 5LY
MEL,Mellor Solicitors Post Office Building,CR8 1BA
MEL,Mellor Solicitors Post Office Building,DA12 4RZ
MEL,Mellor Solicitors Post Office Building,EN1 1PY
MEL,Mellor Solicitors Post Office Building,EN5 4EB
MEL,Mellor Solicitors Post Office Building,EN5 4HP
MEL,Mellor Solicitors Post Office Building,GU17 9AY
MEL,Mellor Solicitors Post Office Building,IG1 4RG
MEL,Mellor Solicitors Post Office Building,KT16 8BJ
MEL,Mellor Solicitors Post Office Building,KT17 1JW
MEL,Mellor Solicitors Post Office Building,KT6 4JU
MEL,Mellor Solicitors Post Office Building,M11 4BD
MEL,Mellor Solicitors Post Office Building,M13 0AX
MEL,Mellor Solicitors Post Office Building,M13 0EA
MEL,Mellor Solicitors Post Office Building,M13 9DF
MEL,Mellor Solicitors Post Office Building,M16 0FP
MEL,Mellor Solicitors Post Office Building,M16 9DG
MEL,Mellor Solicitors Post Office Building,M17 1HQ
MEL,Mellor Solicitors Post Office Building,M19 1BD
MEL,Mellor Solicitors Post Office Building,M19 1NE
MEL,Mellor Solicitors Post Office Building,M19 2PB
MEL,Mellor Solicitors Post Office Building,M19 3NT
MEL,Mellor Solicitors Post Office Building,M19 3WQ
MEL,Mellor Solicitors Post Office Building,M21 7RQ
MEL,Mellor Solicitors Post Office Building,M40 3SZ
MEL,Mellor Solicitors Post Office Building,M7 4QX
MEL,Mellor Solicitors Post Office Building,M8 0SQ
MEL,Mellor Solicitors Post Office Building,M8 4JJ
MEL,Mellor Solicitors Post Office Building,M8 9LJ
MEL,Mellor Solicitors Post Office Building,M9 8AW
MEL,Mellor Solicitors Post Office Building,M9 8FL
MEL,Mellor Solicitors Post Office Building,ME4 5BS
MEL,Mellor Solicitors Post Office Building,ME7 5HR
MEL,Mellor Solicitors Post Office Building,MK19 6JN
MEL,Mellor Solicitors Post Office Building,MK43 7BJ
MEL,Mellor Solicitors Post Office Building,NW2 3QG
MEL,Mellor Solicitors Post Office Building,OL1 3AP
MEL,Mellor Solicitors Post Office Building,OL11 4JU
MEL,Mellor Solicitors Post Office Building,OL12 0BX
MEL,Mellor Solicitors Post Office Building,OL12 0DP
MEL,Mellor Solicitors Post Office Building,OL16 2JZ
MEL,Mellor Solicitors Post Office Building,OX5 1DH
MEL,Mellor Solicitors Post Office Building,RG14 6DP
MEL,Mellor Solicitors Post Office Building,SE12 0PU
MEL,Mellor Solicitors Post Office Building,SE13 7DB
MEL,Mellor Solicitors Post Office Building,SE15 2SZ
MEL,Mellor Solicitors Post Office Building,SE18 1TB
MEL,Mellor Solicitors Post Office Building,SE19 3RB
MEL,Mellor Solicitors Post Office Building,SE19 3SP
MEL,Mellor Solicitors Post Office Building,SE2 0BW
MEL,Mellor Solicitors Post Office Building,SE20 7UL
MEL,Mellor Solicitors Post Office Building,SE20 8AE
MEL,Mellor Solicitors Post Office Building,SE23 1LA
MEL,Mellor Solicitors Post Office Building,SE25 4DX
MEL,Mellor Solicitors Post Office Building,SE25 5PT
MEL,Mellor Solicitors Post Office Building,SE25 6BY
MEL,Mellor Solicitors Post Office Building,SE25 6QJ
MEL,Mellor Solicitors Post Office Building,SE25 6RD
MEL,Mellor Solicitors Post Office Building,SE27 0BT
MEL,Mellor Solicitors Post Office Building,SE27 0EN
MEL,Mellor Solicitors Post Office Building,SE4 1PE
MEL,Mellor Solicitors Post Office Building,SE6 2DX
MEL,Mellor Solicitors Post Office Building,SE6 4NE
MEL,Mellor Solicitors Post Office Building,SE9 1RL
MEL,Mellor Solicitors Post Office Building,SL1 3RJ
MEL,Mellor Solicitors Post Office Building,SW11 8EP
MEL,Mellor Solicitors Post Office Building,SW17 9AS
MEL,Mellor Solicitors Post Office Building,SW19 2DU
MEL,Mellor Solicitors Post Office Building,TW13 6NJ
MEL,Mellor Solicitors Post Office Building,TW7 4QS
MEL,Mellor Solicitors Post Office Building,WS2 9NU
MOTORX,Motor X Assistance Ltd,BH21 1UB
MOTORX,Motor X Assistance Ltd,E10 7QE
MOTORX,Motor X Assistance Ltd,HP2 5DW
MOTORX,Motor X Assistance Ltd,LU1 1PD
MOTORX,Motor X Assistance Ltd,RM8 2DD
MP,Montreal Prestige,B8 1PB
MP,Montreal Prestige,BB1 8DR
MP,Montreal Prestige,BB10 3AY
MP,Montreal Prestige,BL1 3HY
MP,Montreal Prestige,BL1 7HB
MP,Montreal Prestige,BL2 2BU
MP,Montreal Prestige,BL2 6AA
MP,Montreal Prestige,BL3 2HZ
MP,Montreal Prestige,BL3 3QD
MP,Montreal Prestige,BL3 3SE
MP,Montreal Prestige,BL3 4AA
MP,Montreal Prestige,BL3 5AN
MP,Montreal Prestige,BL3 5DY
MP,Montreal Prestige,BL3 5LF
MP,Montreal Prestige,BL3 6AN
MP,Montreal Prestige,BL3 6BS
MP,Montreal Prestige,BL3 6SH
MP,Montreal Prestige,BL9 5BP
MP,Montreal Prestige,BL9 7ES
MP,Montreal Prestige,BL9 9EN
MP,Montreal Prestige,CA28 7RJ
MP,Montreal Prestige,CF11 7DR
MP,Montreal Prestige,CR2 6PR
MP,Montreal Prestige,CR7 6PR
MP,Montreal Prestige,E1 8HA
MP,Montreal Prestige,E6 1LW
MP,Montreal Prestige,E6 2SR
MP,Montreal Prestige,EN3 4LR
MP,Montreal Prestige,IG3 8SJ
MP,Montreal Prestige,IG7 4AY
MP,Montreal Prestige,KA18 2BH
MP,Montreal Prestige,L19 4TW
MP,Montreal Prestige,LE2 0TA
MP,Montreal Prestige,LE4 9BA
MP,Montreal Prestige,M1 3HW
MP,Montreal Prestige,M12 4GE
MP,Montreal Prestige,M18 8DS
MP,Montreal Prestige,M30 9BT
MP,Montreal Prestige,M33 5JB
MP,Montreal Prestige,M35 0EQ
MP,Montreal Prestige,M8 0PN
MP,Montreal Prestige,M8 4QL
MP,Montreal Prestige,N12 8QZ
MP,Montreal Prestige,N9 9QB
MP,Montreal Prestige,NR3 4RW
MP,Montreal Prestige,NW10 0DY
MP,Montreal Prestige,NW10 1HR
MP,Montreal Prestige,NW10 8HT
MP,Montreal Prestige,PR1 6ST
MP,Montreal Prestige,PR2 8DB
MP,Montreal Prestige,S66 7RR
MP,Montreal Prestige,SE13 6QZ
MP,Montreal Prestige,SE6 2TS
MP,Montreal Prestige,SK15 3BL
MP,Montreal Prestige,SW11 2PG
MP,Montreal Prestige,SW11 2SL
MP,Montreal Prestige,SW11 3NL
MP,Montreal Prestige,SW11 5DW
MP,Montreal Prestige,SW16 1QN
MP,Montreal Prestige,SW16 1QP
MP,Montreal Prestige,SW17 0NF
MP,Montreal Prestige,SW6 1EJ
MP,Montreal Prestige,SW6 1HS
MP,Montreal Prestige,SW8 3PT
MP,Montreal Prestige,SW9 0UR
MP,Montreal Prestige,SW9 7QN
MP,Montreal Prestige,TW4 7PA
MP,Montreal Prestige,UB1 2EZ
MP,Montreal Prestige,UB6 7JD
MRG,MRG Solicitors,M18 7JL
MS,Matrix Solicitors Station Approach Pasture,CH41 1DT
MS,Matrix Solicitors Station Approach Pasture,CH41 2UU
MS,Matrix Solicitors Station Approach Pasture,CH41 3NT
MS,Matrix Solicitors Station Approach Pasture,CH41 3QB
MS,Matrix Solicitors Station Approach Pasture,CH41 9HQ
MS,Matrix Solicitors Station Approach Pasture,CH42 6AA
MS,Matrix Solicitors Station Approach Pasture,CH42 6RU
MS,Matrix Solicitors Station Approach Pasture,CH43 0XB
MS,Matrix Solicitors Station Approach Pasture,CH43 2HP
MS,Matrix Solicitors Station Approach Pasture,CH43 5SB
MS,Matrix Solicitors Station Approach Pasture,CH44 1AY
MS,Matrix Solicitors Station Approach Pasture,CH44 2AG
MS,Matrix Solicitors Station Approach Pasture,CH44 7ET
MS,Matrix Solicitors Station Approach Pasture,CH44 9DY
MS,Matrix Solicitors Station Approach Pasture,CH45 1LD
MS,Matrix Solicitors Station Approach Pasture,CH45 4QX
MS,Matrix Solicitors Station Approach Pasture,CH45 6UU
MS,Matrix Solicitors Station Approach Pasture,CH45 7NY
MS,Matrix Solicitors Station Approach Pasture,CH46 1PT
MS,Matrix Solicitors Station Approach Pasture,CH46 2QN
MS,Matrix Solicitors Station Approach Pasture,CH46 8SF
MS,Matrix Solicitors Station Approach Pasture,CH46 9AF
MS,Matrix Solicitors Station Approach Pasture,CH46 9PD
MS,Matrix Solicitors Station Approach Pasture,CH46 9PY
MS,Matrix Solicitors Station Approach Pasture,CH49 8JW
MS,Matrix Solicitors Station Approach Pasture,CH60 7RF
MS,Matrix Solicitors Station Approach Pasture,CH61 7UN
MS,Matrix Solicitors Station Approach Pasture,CH62 2DJ
MS,Matrix Solicitors Station Approach Pasture,CH62 8AW
MS,Matrix Solicitors Station Approach Pasture,CH63 5JY
MS,Matrix Solicitors Station Approach Pasture,CH65 6SA
MS,Matrix Solicitors Station Approach Pasture,L21 7PS
MS,Matrix Solicitors Station Approach Pasture,L24 9HW
OAK,Oakwoods Solicitors,AB55 5GB
OAK,Oakwoods Solicitors,BS16 2PU
OAK,Oakwoods Solicitors,D2 2RD
OAK,Oakwoods Solicitors,DG2 0HS
OAK,Oakwoods Solicitors,EH1 1ER
OAK,Oakwoods Solicitors,EH16 4XE
OAK,Oakwoods Solicitors,EH19 3LW
OAK,Oakwoods Solicitors,EH27 8DN
OAK,Oakwoods Solicitors,EH47 0DE
OAK,Oakwoods Solicitors,EH52 5NT
OAK,Oakwoods Solicitors,EH53 0BP
OAK,Oakwoods Solicitors,EH54 6HB
OAK,Oakwoods Solicitors,EH54 8SP
OAK,Oakwoods Solicitors,FK1 2PR
OAK,Oakwoods Solicitors,FK5 4XS
OAK,Oakwoods Solicitors,FK7 7NU
OAK,Oakwoods Solicitors,FK7 7PX
OAK,Oakwoods Solicitors,G11 7HY
OAK,Oakwoods Solicitors,G15 6SA
OAK,Oakwoods Solicitors,G20 9AE
OAK,Oakwoods Solicitors,G21 2QE
OAK,Oakwoods Solicitors,G22 6AR
OAK,Oakwoods Solicitors,G32 8LT
OAK,Oakwoods Solicitors,G33 6GE
OAK,Oakwoods Solicitors,G34 9AF
OAK,Oakwoods Solicitors,G40 2UZ
OAK,Oakwoods Solicitors,G41 1BB
OAK,Oakwoods Solicitors,G42 0QG
OAK,Oakwoods Solicitors,G43 1BY
OAK,Oakwoods Solicitors,G44 5QN
OAK,Oakwoods Solicitors,G46 8LZ
OAK,Oakwoods Solicitors,G5 8ND
OAK,Oakwoods Solicitors,G51 2QU
OAK,Oakwoods Solicitors,G51 4QL
OAK,Oakwoods Solicitors,G52 4UU
OAK,Oakwoods Solicitors,G53 5US
OAK,Oakwoods Solicitors,G53 7SU
OAK,Oakwoods Solicitors,G64 1LW
OAK,Oakwoods Solicitors,G69 7HZ
OAK,Oakwoods Solicitors,G72 0ND
OAK,Oakwoods Solicitors,G72 8BP
OAK,Oakwoods Solicitors,G73 1SX
OAK,Oakwoods Solicitors,G73 1UB
OAK,Oakwoods Solicitors,G74 4QD
OAK,Oakwoods Solicitors,G74 5BA
OAK,Oakwoods Solicitors,G75 9GG
OAK,Oakwoods Solicitors,G78 1QU
OAK,Oakwoods Solicitors,G81 2SX
OAK,Oakwoods Solicitors,IV30 1HY
OAK,Oakwoods Solicitors,IV30 6AF
OAK,Oakwoods Solicitors,KA18 3HH
OAK,Oakwoods Solicitors,KA18 3PY
OAK,Oakwoods Solicitors,KA3 1LU
OAK,Oakwoods Solicitors,KY1 2HE
OAK,Oakwoods Solicitors,KY11 8ZA
OAK,Oakwoods Solicitors,KY12 7RD
OAK,Oakwoods Solicitors,KY6 2RW
OAK,Oakwoods Solicitors,KY7 4ND
OAK,Oakwoods Solicitors,KY7 4QE
OAK,Oakwoods Solicitors,KY8 4HP
OAK,Oakwoods Solicitors,LE67 4RA
OAK,Oakwoods Solicitors,ML13 9BQ
OAK,Oakwoods Solicitors,ML2 7UW
OAK,Oakwoods Solicitors,ML3 0DW
OAK,Oakwoods Solicitors,ML4 3LW
OAK,Oakwoods Solicitors,ML5 2EG
OAK,Oakwoods Solicitors,ML6 8TR
OAK,Oakwoods Solicitors,ML6 9TS
OAK,Oakwoods Solicitors,ML8 4FR
OAK,Oakwoods Solicitors,ML9 3BQ
OAK,Oakwoods Solicitors,PA15 2TQ
OAK,Oakwoods Solicitors,PA15 3AD
OAK,Oakwoods Solicitors,PA19 1AS
OAK,Oakwoods Solicitors,PA3 3DW
OAK,Oakwoods Solicitors,PA3 4SE
OAK,Oakwoods Solicitors,TD9 9HN
OAK,Oakwoods Solicitors,WF17 5QB
PAB,Pabla+Pabla Solicitors The Old Town,GU22 9AG
PAB,Pabla+Pabla Solicitors The Old Town,HP13 7EL
PAB,Pabla+Pabla Solicitors The Old Town,NW11 8NH
PARKERS,Parkers Solicitors,B5 6JX
PARKERS,Parkers Solicitors,E13 2JG
PAULMC,Paul McWilliam,CH41 3RB
PLL,Phoenix Legal Ltd,BD6 3FE
PRESTIGE,Prestige Oldham Ltd,OL2 6HW
PS,Parkers Solicitors Ltd,B66 2QP
PSC,Wirral Car Solutions Unit,CH44 7ER
PSC,Wirral Car Solutions Unit,CH7 6RQ
PW,Porter Wood Law Ltd Office,CH5 4EW
QCL,QCL (QCL),B29 7JR
QCL,QCL (QCL),B33 0DS
QCL,QCL (QCL),B6 6HE
QCL,QCL (QCL),B8 2PY
QCL,QCL (QCL),BB10 1DG
QCL,QCL (QCL),BB10 2LU
QCL,QCL (QCL),BB10 2SH
QCL,QCL (QCL),BB10 3BS
QCL,QCL (QCL),BB10 3DF
QCL,QCL (QCL),BB10 3EY
QCL,QCL (QCL),BB11 1RU
QCL,QCL (QCL),BB5 0QF
QCL,QCL (QCL),BB9 0EZ
QCL,QCL (QCL),BB9 0RN
QCL,QCL (QCL),BB9 0WB
QCL,QCL (QCL),BB9 5BZ
QCL,QCL (QCL),BB9 7HU
QCL,QCL (QCL),BB9 8HL
QCL,QCL (QCL),BB9 9XX
QCL,QCL (QCL),BL2 1JS
QCL,QCL (QCL),BL3 2HW
QCL,QCL (QCL),BL9 0TE
QCL,QCL (QCL),BL9 9LT
QCL,QCL (QCL),BS4 1HL
QCL,QCL (QCL),CF40 1HJ
QCL,QCL (QCL),CO7 6SH
QCL,QCL (QCL),CV5 7GH
QCL,QCL (QCL),CW10 9ET
QCL,QCL (QCL),E10 7HA
QCL,QCL (QCL),E13 8AN
QCL,QCL (QCL),HU6 8ER
QCL,QCL (QCL),IG2 6JS
QCL,QCL (QCL),KA18 1TF
QCL,QCL (QCL),LA7 7QR
QCL,QCL (QCL),LE5 0PT
QCL,QCL (QCL),LS8 3RN
QCL,QCL (QCL),LS9 6LE
QCL,QCL (QCL),M12 4EY
QCL,QCL (QCL),M13 9TU
QCL,QCL (QCL),M14 5PZ
QCL,QCL (QCL),M16 0NF
QCL,QCL (QCL),M16 8JS
QCL,QCL (QCL),M16 8JY
QCL,QCL (QCL),M18 7BX
QCL,QCL (QCL),M18 8QG
QCL,QCL (QCL),M19 1JE
QCL,QCL (QCL),M22 1AN
QCL,QCL (QCL),M24 2LY
QCL,QCL (QCL),M30 8DP
QCL,QCL (QCL),M32 0GD
QCL,QCL (QCL),M32 9PY
QCL,QCL (QCL),M8 0WL
QCL,QCL (QCL),M8 4HY
QCL,QCL (QCL),M8 4SA
QCL,QCL (QCL),M8 9AL
QCL,QCL (QCL),M8 9NA
QCL,QCL (QCL),M9 4NQ
QCL,QCL (QCL),NG17 7RQ
QCL,QCL (QCL),OL8 2TP
QCL,QCL (QCL),RG1 7JR
QCL,QCL (QCL),RM17 6EG
QCL,QCL (QCL),RM19 1ZY
QCL,QCL (QCL),SE23 1LB
QCL,QCL (QCL),SK11 6NR
QCL,QCL (QCL),SK5 8EF
QCL,QCL (QCL),SK8 4LF
QCL,QCL (QCL),SS15 4HD
QCL,QCL (QCL),TS3 8QA
QCL,QCL (QCL),TW15 2HW
QCL,QCL (QCL),TW3 4NN
QCL,QCL (QCL),UB1 2TH
QCL,QCL (QCL),UB5 4DY
QCL,QCL (QCL),WV4 6RZ
QDOS,QDOS,AB16 6HQ
QDOS,QDOS,AL1 5UG
QDOS,QDOS,CF3 3BL
QDOS,QDOS,CT1 3UG
QDOS,QDOS,DE65 5BJ
QDOS,QDOS,EH20 9QH
QDOS,QDOS,G31 5HP
QDOS,QDOS,G32 8RG
QDOS,QDOS,G65 9JX
QDOS,QDOS,G72 0YS
QDOS,QDOS,GL5 3TX
QDOS,QDOS,IG10 3UE
QDOS,QDOS,IP28 7HY
QDOS,QDOS,IV3 8EB
QDOS,QDOS,KA8 8AN
QDOS,QDOS,KA8 9DJ
QDOS,QDOS,M17 1JT
QDOS,QDOS,M22 1AQ
QDOS,QDOS,M7 3RT
QDOS,QDOS,ML4 3HR
QDOS,QDOS,ML5 2BX
QDOS,QDOS,ML5 4AS
QDOS,QDOS,NE4 8AT
QDOS,QDOS,NG32 3RY
QDOS,QDOS,NW2 6LN
QDOS,QDOS,PA15 4TW
QDOS,QDOS,SS0 0QH
QDOS,QDOS,WF10 2NJ
R1AM,R1am,IG1 2UW
R1AM,R1am,LU1 1HX
R1AM,R1am,LU3 2AB
R1AM,R1am,MK40 4EF
R1AM,R1am,MK6 3BX
R1AM,R1am,N5 2UU
R1AM,R1am,NW8 8RZ
R1AM,R1am,RH6 7AB
R1AM,R1am,SG4 9FJ
R1AMMCLASS,Motor Class Hire,E14 7JF
R1AMMCLASS,Motor Class Hire,LU1 1HG
R1AMMCLASS,Motor Class Hire,LU3 1HJ
R1AMMCLASS,Motor Class Hire,LU3 1LS
R1AMMCLASS,Motor Class Hire,LU4 9GD
R1AMMCLASS,Motor Class Hire,LU4 9RE
RAHEEM,Mohammed Sahall,E17 6RA
RC,Rees Clayton Solicitors The Enterprise,BL1 8NG
RC,Rees Clayton Solicitors The Enterprise,OL4 1RY
RC,Rees Clayton Solicitors The Enterprise,OL7 0AD
RC,Rees Clayton Solicitors The Enterprise,SK16 4TH
RELAY,Relay Motor Group,UB10 0ER
RESOLVE,Resolve Solicitors,B10 0XA
RESOLVE,Resolve Solicitors,B19 1JJ
RESOLVE,Resolve Solicitors,B23 7RL
RESOLVE,Resolve Solicitors,B69 3JH
RESOLVE,Resolve Solicitors,NR7 0YW
RH,Rushton Hinchy Unit,CW9 7EW
RH,Rushton Hinchy Unit,WA9 3BQ
RJG,RJ Gill Solicitors Allied Business,CH46 4TP
RJG,RJ Gill Solicitors Allied Business,WA9 1HP
RJS,Robert James Solicitors,AL10 8SF
RJS,Robert James Solicitors,AL2 3NY
RJS,Robert James Solicitors,B1 1UF
RJS,Robert James Solicitors,B10 0JY
RJS,Robert James Solicitors,B10 0PP
RJS,Robert James Solicitors,B10 9LE
RJS,Robert James Solicitors,B10 9PU
RJS,Robert James Solicitors,B11 1AA
RJS,Robert James Solicitors,B11 1XQ
RJS,Robert James Solicitors,B11 3BH
RJS,Robert James Solicitors,B11 3BS
RJS,Robert James Solicitors,B12 8LS
RJS,Robert James Solicitors,B12 8RS
RJS,Robert James Solicitors,B12 8SA
RJS,Robert James Solicitors,B13 0JA
RJS,Robert James Solicitors,B13 9LP
RJS,Robert James Solicitors,B13 9LT
RJS,Robert James Solicitors,B13 9LX
RJS,Robert James Solicitors,B13 9RH
RJS,Robert James Solicitors,B14 4JB
RJS,Robert James Solicitors,B14 4SN
RJS,Robert James Solicitors,B14 7SN
RJS,Robert James Solicitors,B16 0AN
RJS,Robert James Solicitors,B19 1HZ
RJS,Robert James Solicitors,B19 1JJ
RJS,Robert James Solicitors,B19 1LA
RJS,Robert James Solicitors,B19 2TD
RJS,Robert James Solicitors,B20 2AU
RJS,Robert James Solicitors,B20 2RY
RJS,Robert James Solicitors,B20 3EP
RJS,Robert James Solicitors,B20 3RJ
RJS,Robert James Solicitors,B20 3RS
RJS,Robert James Solicitors,B21 0ET
RJS,Robert James Solicitors,B23 5SU
RJS,Robert James Solicitors,B23 7LG
RJS,Robert James Solicitors,B24 8JN
RJS,Robert James Solicitors,B26 2RU
RJS,Robert James Solicitors,B26 3NE
RJS,Robert James Solicitors,B27 6QA
RJS,Robert James Solicitors,B27 7HW
RJS,Robert James Solicitors,B28 8JZ
RJS,Robert James Solicitors,B3 1RS
RJS,Robert James Solicitors,B30 2YA
RJS,Robert James Solicitors,B33 8SR
RJS,Robert James Solicitors,B33 9HG
RJS,Robert James Solicitors,B33 9JW
RJS,Robert James Solicitors,B33 9RG
RJS,Robert James Solicitors,B34 6EJ
RJS,Robert James Solicitors,B34 6HG
RJS,Robert James Solicitors,B34 6QS
RJS,Robert James Solicitors,B36 8BQ
RJS,Robert James Solicitors,B36 8HT
RJS,Robert James Solicitors,B36 8JB
RJS,Robert James Solicitors,B42 1LG
RJS,Robert James Solicitors,B42 1QH
RJS,Robert James Solicitors,B42 1TN
RJS,Robert James Solicitors,B46 1RB
RJS,Robert James Solicitors,B5 7PZ
RJS,Robert James Solicitors,B6 5DE
RJS,Robert James Solicitors,B6 6AT
RJS,Robert James Solicitors,B6 6ND
RJS,Robert James Solicitors,B6 6PE
RJS,Robert James Solicitors,B6 6RG
RJS,Robert James Solicitors,B63 2EY
RJS,Robert James Solicitors,B66 1DP
RJS,Robert James Solicitors,B66 4JD
RJS,Robert James Solicitors,B69 4NY
RJS,Robert James Solicitors,B7 4DE
RJS,Robert James Solicitors,B70 0EZ
RJS,Robert James Solicitors,B8 1DR
RJS,Robert James Solicitors,B8 2JP
RJS,Robert James Solicitors,B8 3QS
RJS,Robert James Solicitors,B9 4NW
RJS,Robert James Solicitors,B9 4UD
RJS,Robert James Solicitors,B9 4UU
RJS,Robert James Solicitors,B9 5AB
RJS,Robert James Solicitors,B9 5EU
RJS,Robert James Solicitors,B9 5UN
RJS,Robert James Solicitors,B9 5XT
RJS,Robert James Solicitors,B90 4DD
RJS,Robert James Solicitors,B92 7DF
RJS,Robert James Solicitors,B92 9EE
RJS,Robert James Solicitors,B97 4EE
RJS,Robert James Solicitors,BH5 1HL
RJS,Robert James Solicitors,BN13 3UP
RJS,Robert James Solicitors,BN17 6BL
RJS,Robert James Solicitors,BS16 6JQ
RJS,Robert James Solicitors,CR0 3ED
RJS,Robert James Solicitors,CR0 3GS
RJS,Robert James Solicitors,CR5 1DZ
RJS,Robert James Solicitors,CT20 2SJ
RJS,Robert James Solicitors,CV1 4ET
RJS,Robert James Solicitors,CV2 5LG
RJS,Robert James Solicitors,CV6 3BN
RJS,Robert James Solicitors,CV6 7HU
RJS,Robert James Solicitors,E15 1RS
RJS,Robert James Solicitors,E17 6RA
RJS,Robert James Solicitors,E4 7HA
RJS,Robert James Solicitors,E6 1LQ
RJS,Robert James Solicitors,EN6 2JL
RJS,Robert James Solicitors,GU12 4BB
RJS,Robert James Solicitors,GU21 5LS
RJS,Robert James Solicitors,GU8 6HD
RJS,Robert James Solicitors,HA0 2NW
RJS,Robert James Solicitors,HA3 5PT
RJS,Robert James Solicitors,HA9 7RB
RJS,Robert James Solicitors,HD9 3TR
RJS,Robert James Solicitors,HP1 1QQ
RJS,Robert James Solicitors,HP12 3BD
RJS,Robert James Solicitors,HP12 3LL
RJS,Robert James Solicitors,HP12 4JD
RJS,Robert James Solicitors,HP5 2DE
RJS,Robert James Solicitors,HP5 2NN
RJS,Robert James Solicitors,HP5 2PP
RJS,Robert James Solicitors,HP5 3JG
RJS,Robert James Solicitors,HP8 4NT
RJS,Robert James Solicitors,HX3 5LR
RJS,Robert James Solicitors,IG1 2XT
RJS,Robert James Solicitors,KT17 2BT
RJS,Robert James Solicitors,KT2 7RY
RJS,Robert James Solicitors,L24 3XE
RJS,Robert James Solicitors,LL65 2DY
RJS,Robert James Solicitors,LU1 1DW
RJS,Robert James Solicitors,LU1 1HL
RJS,Robert James Solicitors,LU1 1LF
RJS,Robert James Solicitors,LU1 1LH
RJS,Robert James Solicitors,LU1 1LQ
RJS,Robert James Solicitors,LU1 1PE
RJS,Robert James Solicitors,LU1 1TT
RJS,Robert James Solicitors,LU1 1TZ
RJS,Robert James Solicitors,LU1 1UD
RJS,Robert James Solicitors,LU1 2NA
RJS,Robert James Solicitors,LU1 2SL
RJS,Robert James Solicitors,LU1 3FD
RJS,Robert James Solicitors,LU1 4FU
RJS,Robert James Solicitors,LU1 4LX
RJS,Robert James Solicitors,LU1 5HE
RJS,Robert James Solicitors,LU1 5JG
RJS,Robert James Solicitors,LU2 0SW
RJS,Robert James Solicitors,LU2 7NB
RJS,Robert James Solicitors,LU2 7QZ
RJS,Robert James Solicitors,LU2 7RF
RJS,Robert James Solicitors,LU2 7RX
RJS,Robert James Solicitors,LU2 9AE
RJS,Robert James Solicitors,LU3 1AE
RJS,Robert James Solicitors,LU3 1EN
RJS,Robert James Solicitors,LU3 1PQ
RJS,Robert James Solicitors,LU3 1QD
RJS,Robert James Solicitors,LU3 1TZ
RJS,Robert James Solicitors,LU3 2HH
RJS,Robert James Solicitors,LU3 2HU
RJS,Robert James Solicitors,LU3 2JJ
RJS,Robert James Solicitors,LU3 2PT
RJS,Robert James Solicitors,LU3 3DH
RJS,Robert James Solicitors,LU4 8BQ
RJS,Robert James Solicitors,LU4 8BY
RJS,Robert James Solicitors,LU4 8DY
RJS,Robert James Solicitors,LU4 8EA
RJS,Robert James Solicitors,LU4 8ES
RJS,Robert James Solicitors,LU4 8HZ
RJS,Robert James Solicitors,LU4 8JA
RJS,Robert James Solicitors,LU4 8LD
RJS,Robert James Solicitors,LU4 8LU
RJS,Robert James Solicitors,LU4 8NF
RJS,Robert James Solicitors,LU4 8QT
RJS,Robert James Solicitors,LU4 8RR
RJS,Robert James Solicitors,LU4 9BS
RJS,Robert James Solicitors,LU4 9DF
RJS,Robert James Solicitors,LU4 9ET
RJS,Robert James Solicitors,LU4 9HR
RJS,Robert James Solicitors,LU4 9JA
RJS,Robert James Solicitors,LU4 9JH
RJS,Robert James Solicitors,LU4 9SF
RJS,Robert James Solicitors,LU4 9SR
RJS,Robert James Solicitors,LU4 9TA
RJS,Robert James Solicitors,LU5 5HY
RJS,Robert James Solicitors,LU5 6JH
RJS,Robert James Solicitors,LU7 9BP
RJS,Robert James Solicitors,M16 9QA
RJS,Robert James Solicitors,M18 7QH
RJS,Robert James Solicitors,ME14 1QN
RJS,Robert James Solicitors,ME15 0QG
RJS,Robert James Solicitors,ME18 6AU
RJS,Robert James Solicitors,ME20 6QJ
RJS,Robert James Solicitors,ME3 9AL
RJS,Robert James Solicitors,ME4 6UH
RJS,Robert James Solicitors,MK18 7BA
RJS,Robert James Solicitors,N21 1SG
RJS,Robert James Solicitors,N22 6TB
RJS,Robert James Solicitors,N4 3PJ
RJS,Robert James Solicitors,NG1 9EX
RJS,Robert James Solicitors,NN16 0BY
RJS,Robert James Solicitors,NN18 8ET
RJS,Robert James Solicitors,NW4 2JT
RJS,Robert James Solicitors,NW9 0NX
RJS,Robert James Solicitors,OL6 8EZ
RJS,Robert James Solicitors,OX14 4TH
RJS,Robert James Solicitors,OX26 4LD
RJS,Robert James Solicitors,PE20 2ET
RJS,Robert James Solicitors,PL4 7NR
RJS,Robert James Solicitors,PO22 8HY
RJS,Robert James Solicitors,RG1 8LG
RJS,Robert James Solicitors,RH1 1JB
RJS,Robert James Solicitors,RH1 2AL
RJS,Robert James Solicitors,RH10 1AT
RJS,Robert James Solicitors,RH10 1JP
RJS,Robert James Solicitors,RH10 1NQ
RJS,Robert James Solicitors,RH10 1SX
RJS,Robert James Solicitors,RH10 5DD
RJS,Robert James Solicitors,RH10 6AA
RJS,Robert James Solicitors,RH10 6AE
RJS,Robert James Solicitors,RH10 6EF
RJS,Robert James Solicitors,RH10 6NJ
RJS,Robert James Solicitors,RH10 6TW
RJS,Robert James Solicitors,RH10 7QJ
RJS,Robert James Solicitors,RH10 8DA
RJS,Robert James Solicitors,RH10 8HN
RJS,Robert James Solicitors,RH10 8HZ
RJS,Robert James Solicitors,RH11 6AG
RJS,Robert James Solicitors,RH11 7DN
RJS,Robert James Solicitors,RH11 7LA
RJS,Robert James Solicitors,RH11 7PX
RJS,Robert James Solicitors,RH11 7QG
RJS,Robert James Solicitors,RH11 7QU
RJS,Robert James Solicitors,RH11 7QW
RJS,Robert James Solicitors,RH11 7RJ
RJS,Robert James Solicitors,RH11 7RX
RJS,Robert James Solicitors,RH11 7UP
RJS,Robert James Solicitors,RH11 8UF
RJS,Robert James Solicitors,RH11 9DL
RJS,Robert James Solicitors,RH11 9DN
RJS,Robert James Solicitors,RH11 9DR
RJS,Robert James Solicitors,RH11 9DZ
RJS,Robert James Solicitors,RH11 9JQ
RJS,Robert James Solicitors,RH11 9RX
RJS,Robert James Solicitors,RH11 9SD
RJS,Robert James Solicitors,RH11 9SU
RJS,Robert James Solicitors,RH14 9XN
RJS,Robert James Solicitors,RH19 1BT
RJS,Robert James Solicitors,RH19 2NT
RJS,Robert James Solicitors,RH6 0SG
RJS,Robert James Solicitors,RH6 8RN
RJS,Robert James Solicitors,RH6 9FT
RJS,Robert James Solicitors,RH6 9NP
RJS,Robert James Solicitors,RH6 9TJ
RJS,Robert James Solicitors,SE1 8UZ
RJS,Robert James Solicitors,SE13 5RZ
RJS,Robert James Solicitors,SE17 3JZ
RJS,Robert James Solicitors,SE18 1PU
RJS,Robert James Solicitors,SE18 2RA
RJS,Robert James Solicitors,SE25 5AH
RJS,Robert James Solicitors,SE28 8LU
RJS,Robert James Solicitors,SE6 1SQ
RJS,Robert James Solicitors,SG2 8AZ
RJS,Robert James Solicitors,SG2 9TB
RJS,Robert James Solicitors,SK14 1DT
RJS,Robert James Solicitors,SL9 7JQ
RJS,Robert James Solicitors,SM4 6BH
RJS,Robert James Solicitors,SO16 3HA
RJS,Robert James Solicitors,ST3 6DL
RJS,Robert James Solicitors,ST4 3HA
RJS,Robert James Solicitors,SW16 5JB
RJS,Robert James Solicitors,SW17 8JB
RJS,Robert James Solicitors,SW17 8NQ
RJS,Robert James Solicitors,SW19 3TZ
RJS,Robert James Solicitors,SW2 4DY
RJS,Robert James Solicitors,SW20 0UE
RJS,Robert James Solicitors,TN34 1NA
RJS,Robert James Solicitors,TN38 9BA
RJS,Robert James Solicitors,TN8 9AZ
RJS,Robert James Solicitors,TS19 7QS
RJS,Robert James Solicitors,TW7 5BJ
RJS,Robert James Solicitors,UB10 0DR
RJS,Robert James Solicitors,UB3 5AJ
RJS,Robert James Solicitors,W10 5PA
RJS,Robert James Solicitors,W14 8FL
RJS,Robert James Solicitors,W4 4BN
RJS,Robert James Solicitors,WA11 8LY
RJS,Robert James Solicitors,WD25 7LP
RJS,Robert James Solicitors,WR9 7FJ
RJS,Robert James Solicitors,WV10 0AU
RL,Regent Law  Ltd,BN14 0EJ
RL,Regent Law  Ltd,EN1 3AQ
RL,Regent Law  Ltd,RM6 6ES
RLCSL,Red Lion Car Sales Ltd,CH66 1QQ
RS,Resolve Solicitors,B23 6AH
SHAKIR,Shakir Muhammad Ahmed Flat,E3 3EJ
SHC,Streamline Hospital Cars ltd,ME14 1BH
SHOYABKIYA,Shoyab Kiyani,RH10 6AE
SIX,Six Ways Marketing Ltd,B5 6JX
SMARTTRANS,Smart Translations,WV10 9GG
SS,Savas & Savage,B25 8SU
SS,Savas & Savage,B43 5AH
SS,Savas & Savage,BB4 8FE
SS,Savas & Savage,BL2 2LQ
SS,Savas & Savage,CH1 2NR
SS,Savas & Savage,CH1 4QN
SS,Savas & Savage,CH1 5BW
SS,Savas & Savage,CH1 5DG
SS,Savas & Savage,CH1 5HH
SS,Savas & Savage,CH1 5LZ
SS,Savas & Savage,CH1 5PR
SS,Savas & Savage,CH1 5QW
SS,Savas & Savage,CH1 5SA
SS,Savas & Savage,CH1 5UQ
SS,Savas & Savage,CH1 5US
SS,Savas & Savage,CH1 6AY
SS,Savas & Savage,CH1 6JD
SS,Savas & Savage,CH1 6JP
SS,Savas & Savage,CH1 6NE
SS,Savas & Savage,CH1 6PE
SS,Savas & Savage,CH1 6PF
SS,Savas & Savage,CH2 1QJ
SS,Savas & Savage,CH2 1QP
SS,Savas & Savage,CH2 1SF
SS,Savas & Savage,CH2 1SU
SS,Savas & Savage,CH2 2AP
SS,Savas & Savage,CH2 2EH
SS,Savas & Savage,CH2 3BE
SS,Savas & Savage,CH2 3LL
SS,Savas & Savage,CH2 4BP
SS,Savas & Savage,CH2 4DJ
SS,Savas & Savage,CH2 4EX
SS,Savas & Savage,CH2 4HX
SS,Savas & Savage,CH2 4JP
SS,Savas & Savage,CH2 4LA
SS,Savas & Savage,CH3 5NL
SS,Savas & Savage,CH3 5RB
SS,Savas & Savage,CH3 6GG
SS,Savas & Savage,CH4 0PE
SS,Savas & Savage,CH4 0QT
SS,Savas & Savage,CH4 6BX
SS,Savas & Savage,CH4 8DE
SS,Savas & Savage,CH4 8NR
SS,Savas & Savage,CH4 8PH
SS,Savas & Savage,CH4 8UH
SS,Savas & Savage,CH41 8HN
SS,Savas & Savage,CH42 1NZ
SS,Savas & Savage,CH42 9LX
SS,Savas & Savage,CH43 3DU
SS,Savas & Savage,CH44 4BJ
SS,Savas & Savage,CH44 7EY
SS,Savas & Savage,CH45 6TD
SS,Savas & Savage,CH47 2AF
SS,Savas & Savage,CH49 2ND
SS,Savas & Savage,CH49 4NX
SS,Savas & Savage,CH5 1JJ
SS,Savas & Savage,CH5 1QP
SS,Savas & Savage,CH5 1SR
SS,Savas & Savage,CH5 1SU
SS,Savas & Savage,CH5 2DW
SS,Savas & Savage,CH5 2JL
SS,Savas & Savage,CH5 2PJ
SS,Savas & Savage,CH5 2UA
SS,Savas & Savage,CH5 3PJ
SS,Savas & Savage,CH5 4GX
SS,Savas & Savage,CH5 4HQ
SS,Savas & Savage,CH60 5RF
SS,Savas & Savage,CH61 3US
SS,Savas & Savage,CH62 3RA
SS,Savas & Savage,CH62 7ET
SS,Savas & Savage,CH62 8AJ
SS,Savas & Savage,CH64 1UH
SS,Savas & Savage,CH64 5TS
SS,Savas & Savage,CH64 9TA
SS,Savas & Savage,CH65 0BG
SS,Savas & Savage,CH65 2BE
SS,Savas & Savage,CH65 2BJ
SS,Savas & Savage,CH65 2HF
SS,Savas & Savage,CH65 3AH
SS,Savas & Savage,CH65 3BR
SS,Savas & Savage,CH65 3BU
SS,Savas & Savage,CH65 3DN
SS,Savas & Savage,CH65 3DW
SS,Savas & Savage,CH65 3EY
SS,Savas & Savage,CH65 4AJ
SS,Savas & Savage,CH65 4AY
SS,Savas & Savage,CH65 4BQ
SS,Savas & Savage,CH65 4DL
SS,Savas & Savage,CH65 4EL
SS,Savas & Savage,CH65 4FY
SS,Savas & Savage,CH65 4LD
SS,Savas & Savage,CH65 5BN
SS,Savas & Savage,CH65 5DJ
SS,Savas & Savage,CH65 5DN
SS,Savas & Savage,CH65 5EG
SS,Savas & Savage,CH65 5EP
SS,Savas & Savage,CH65 6SX
SS,Savas & Savage,CH65 7BJ
SS,Savas & Savage,CH65 7BN
SS,Savas & Savage,CH65 7BR
SS,Savas & Savage,CH65 7DG
SS,Savas & Savage,CH65 7DJ
SS,Savas & Savage,CH65 7DR
SS,Savas & Savage,CH65 7DS
SS,Savas & Savage,CH65 7DT
SS,Savas & Savage,CH65 7DY
SS,Savas & Savage,CH65 8AL
SS,Savas & Savage,CH65 8BN
SS,Savas & Savage,CH65 8HP
SS,Savas & Savage,CH65 8JP
SS,Savas & Savage,CH65 8PJ
SS,Savas & Savage,CH65 9AX
SS,Savas & Savage,CH65 9AY
SS,Savas & Savage,CH65 9BY
SS,Savas & Savage,CH65 9DQ
SS,Savas & Savage,CH65 9DX
SS,Savas & Savage,CH65 9EB
SS,Savas & Savage,CH65 9HS
SS,Savas & Savage,CH66 1HJ
SS,Savas & Savage,CH66 1HL
SS,Savas & Savage,CH66 1HS
SS,Savas & Savage,CH66 1JF
SS,Savas & Savage,CH66 1RX
SS,Savas & Savage,CH66 1ST
SS,Savas & Savage,CH66 2HZ
SS,Savas & Savage,CH66 2JE
SS,Savas & Savage,CH66 2NL
SS,Savas & Savage,CH66 2NX
SS,Savas & Savage,CH66 2RL
SS,Savas & Savage,CH66 2RU
SS,Savas & Savage,CH66 2SL
SS,Savas & Savage,CH66 2SY
SS,Savas & Savage,CH66 2UN
SS,Savas & Savage,CH66 2WW
SS,Savas & Savage,CH66 2XG
SS,Savas & Savage,CH66 2XJ
SS,Savas & Savage,CH66 3JN
SS,Savas & Savage,CH66 3JW
SS,Savas & Savage,CH66 3LE
SS,Savas & Savage,CH66 3LH
SS,Savas & Savage,CH66 3LS
SS,Savas & Savage,CH66 3NY
SS,Savas & Savage,CH66 3PN
SS,Savas & Savage,CH66 3QH
SS,Savas & Savage,CH66 3QQ
SS,Savas & Savage,CH66 3QY
SS,Savas & Savage,CH66 3RT
SS,Savas & Savage,CH66 4RD
SS,Savas & Savage,CH66 4RL
SS,Savas & Savage,CH66 4TG
SS,Savas & Savage,CH66 4XD
SS,Savas & Savage,CH66 4XZ
SS,Savas & Savage,CH7 2JE
SS,Savas & Savage,CH7 6BW
SS,Savas & Savage,CH7 6JS
SS,Savas & Savage,CH88 3AN
SS,Savas & Savage,CW1 3BQ
SS,Savas & Savage,CW1 3EA
SS,Savas & Savage,CW1 3EP
SS,Savas & Savage,CW1 3NY
SS,Savas & Savage,CW1 3QH
SS,Savas & Savage,CW1 3UD
SS,Savas & Savage,CW1 4HD
SS,Savas & Savage,CW1 4NZ
SS,Savas & Savage,CW1 4RU
SS,Savas & Savage,CW1 4TP
SS,Savas & Savage,CW10 0HB
SS,Savas & Savage,CW11 3YX
SS,Savas & Savage,CW2 6BF
SS,Savas & Savage,CW2 6GP
SS,Savas & Savage,CW2 7HY
SS,Savas & Savage,CW2 7JB
SS,Savas & Savage,CW2 7QR
SS,Savas & Savage,CW2 7RE
SS,Savas & Savage,CW2 7UA
SS,Savas & Savage,CW2 7UL
SS,Savas & Savage,CW2 7UN
SS,Savas & Savage,CW2 8PP
SS,Savas & Savage,CW2 8QT
SS,Savas & Savage,CW2 8UX
SS,Savas & Savage,CW2 8WN
SS,Savas & Savage,CW5 7NN
SS,Savas & Savage,CW5 8EU
SS,Savas & Savage,CW6 0QS
SS,Savas & Savage,CW9 5PB
SS,Savas & Savage,CW9 5RP
SS,Savas & Savage,CW9 8LH
SS,Savas & Savage,DN11 8NB
SS,Savas & Savage,E6 5XP
SS,Savas & Savage,EN6 5PJ
SS,Savas & Savage,FY8 3FT
SS,Savas & Savage,HA3 9QD
SS,Savas & Savage,L13 3AX
SS,Savas & Savage,L24 7SA
SS,Savas & Savage,L37 8EB
SS,Savas & Savage,L4 0TZ
SS,Savas & Savage,L4 3UA
SS,Savas & Savage,L8 0UJ
SS,Savas & Savage,L8 9XP
SS,Savas & Savage,L9 1EY
SS,Savas & Savage,LL11 2EZ
SS,Savas & Savage,LL11 2UD
SS,Savas & Savage,LL11 3HB
SS,Savas & Savage,LL11 3RY
SS,Savas & Savage,LL11 4FE
SS,Savas & Savage,LL11 4YX
SS,Savas & Savage,LL11 5LU
SS,Savas & Savage,LL11 5YQ
SS,Savas & Savage,LL12 0BT
SS,Savas & Savage,LL12 0PB
SS,Savas & Savage,LL12 0PJ
SS,Savas & Savage,LL12 0SH
SS,Savas & Savage,LL12 8EY
SS,Savas & Savage,LL12 9EU
SS,Savas & Savage,LL12 9HY
SS,Savas & Savage,LL13 8HE
SS,Savas & Savage,LL13 8NG
SS,Savas & Savage,LL14 2BD
SS,Savas & Savage,LL14 5DG
SS,Savas & Savage,LL18 2UA
SS,Savas & Savage,LL18 2YE
SS,Savas & Savage,LL18 4SZ
SS,Savas & Savage,LL22 9HB
SS,Savas & Savage,LL22 9HQ
SS,Savas & Savage,LS10 4SD
SS,Savas & Savage,M16 0TP
SS,Savas & Savage,M17 1JZ
SS,Savas & Savage,M18 8EQ
SS,Savas & Savage,M23 9TJ
SS,Savas & Savage,M28 2RR
SS,Savas & Savage,M30 7NB
SS,Savas & Savage,M30 9QG
SS,Savas & Savage,M35 9AL
SS,Savas & Savage,M38 9RF
SS,Savas & Savage,M6 8PT
SS,Savas & Savage,M60 6NZ
SS,Savas & Savage,MK41 0QN
SS,Savas & Savage,NN4 6ET
SS,Savas & Savage,OL10 2JA
SS,Savas & Savage,OL10 3HS
SS,Savas & Savage,OL10 3HU
SS,Savas & Savage,OL10 3SW
SS,Savas & Savage,OL12 7JF
SS,Savas & Savage,OL12 9UH
SS,Savas & Savage,S17 4FT
SS,Savas & Savage,SG18 0AL
SS,Savas & Savage,SK13 1QG
SS,Savas & Savage,SK8 6RQ
SS,Savas & Savage,SK9 3JZ
SS,Savas & Savage,SS1 2UF
SS,Savas & Savage,ST1 5GB
SS,Savas & Savage,ST3 7TU
SS,Savas & Savage,ST7 2HH
SS,Savas & Savage,ST7 2LE
SS,Savas & Savage,ST7 8BY
SS,Savas & Savage,ST7 8PH
SS,Savas & Savage,SY14 7BH
SS,Savas & Savage,SY23 4RL
SS,Savas & Savage,TS3 6NG
SS,Savas & Savage,WA1 4AW
SS,Savas & Savage,WA1 4BJ
SS,Savas & Savage,WA1 4RE
SS,Savas & Savage,WA12 8LA
SS,Savas & Savage,WA16 9JQ
SS,Savas & Savage,WA2 7LG
SS,Savas & Savage,WA2 7TU
SS,Savas & Savage,WA2 8HL
SS,Savas & Savage,WA2 8NX
SS,Savas & Savage,WA3 5EB
SS,Savas & Savage,WA4 1NB
SS,Savas & Savage,WA5 0JU
SS,Savas & Savage,WA5 1XX
SS,Savas & Savage,WA6 0BQ
SS,Savas & Savage,WA6 9PD
SS,Savas & Savage,WA7 1SQ
SS,Savas & Savage,WA7 2NF
SS,Savas & Savage,WA7 4PS
SS,Savas & Savage,WA8 7TN
SS,Savas & Savage,WD18 9AA
SS,Savas & Savage,YO14 5NN
STALLION,Stallion,LU3 4EZ
STREAMLINE,Streamline Kent Ltd,ME14 1BL
SWAN,Swan,B42 1LG
SWAN,Swan,B6 6PD
SWAN,Swan,B7 4PY
SWAN,Swan,BD2 4RU
SWAN,Swan,BL9 7ET
SWAN,Swan,BL9 9JD
SWAN,Swan,E14 9AW
SWAN,Swan,HP3 8TQ
SWAN,Swan,LU1 1DF
SWAN,Swan,LU1 1JS
SWAN,Swan,LU1 1TF
SWAN,Swan,LU1 3LZ
SWAN,Swan,LU2 0LT
SWAN,Swan,LU4 0LA
SWAN,Swan,LU4 0XB
SWAN,Swan,LU4 9GD
SWAN,Swan,LU4 9QN
SWAN,Swan,LU4 9QZ
SWAN,Swan,NW6 5LS
SWAN,Swan,PE3 9DU
SWAN,Swan,SE18 7BH
SWAN,Swan,SG9 9FL
SWAN,Swan,WV4 4LR
TA,Turnams,IV1 1ST
TA,Turnams,NW5 1TN
TA,Turnams,PA31 8RR
TA,Turnams,RM20 4BH
TA,Turnams,SE25 5ND
TANGUY,Tanguy Carrabin,NW10 5JH
TEN,Ten Legal,BB1 4AU
TEN,Ten Legal,BB11 3JQ
TEN,Ten Legal,BB9 7SS
TEN,Ten Legal,BL9 9GA
THEBODYSHO,The Bodyshop,CH44 7ER
THEBODYSHO,The Bodyshop,CH49 8JB
THECARHIRE,The Car Hire Specialists ltd,MK45 4RP
TIS,The Injury Solicitor,L33 7YT
TIS,The Injury Solicitor,M5 4UE
TL,Trident Lloyd,G2 1QQ
TL,Trident Lloyd,GA41 1BS
TP,Taylor Price,B42 1QT
TP,Taylor Price,B42 2AQ
TP,Taylor Price,M12 6JH
TP,Taylor Price,SK1 4NW
TP,Taylor Price,SK4 2BA
TP,Taylor Price,SS0 7AX
TYRONNE,Tyronne Brock,CH41 2TW
UNDENT,Undent it Ltd,G5 8NB
UNDENT,Undent it Ltd,G72 8JP
VAID,FAO The Court,BB1 8NP
VELOX,Velox Logistics Ltd,LU5 4FE
VESS,HG Vess Ltd,CH1 6PE
WAS,Andrzej Was,B42 2JA
WCS,Wirral Car Solutions ltd,CH44 7ER
WIL,Williams & Co,L11 9DH
WIL,Williams & Co,L13 3AS
WIL,Williams & Co,L34 5SL
WIL,Williams & Co,L36 3SG
WIL,Williams & Co,L9 7BP
WLS,Woodlands,B11 1PP
WLS,Woodlands,B11 4NU
WLS,Woodlands,B20 3ST
WLS,Woodlands,B28 0QR
WLS,Woodlands,B32 1EX
WLS,Woodlands,BD9 2HT
WLS,Woodlands,CF5 5NF
WLS,Woodlands,CV3 1DH
WLS,Woodlands,DY5 4RA
WLS,Woodlands,L8 8AT
WLS,Woodlands,WS2 9QY
YC14,Mahu Abdulrab,E4 9HL
YML,YM Law/ NETWORK HD UK,CH1 5EF
YML,YM Law/ NETWORK HD UK,CH2 3QJ
YML,YM Law/ NETWORK HD UK,CH4 9DS
YML,YM Law/ NETWORK HD UK,LL12 0SG
YML,YM Law/ NETWORK HD UK,LL13 7LU
YML,YM Law/ NETWORK HD UK,M40 2BL
YML,YM Law/ NETWORK HD UK,WN2 4BN
ZOHAB,Zohab Azam,B68 8EG
